source,data,ts
energy,"{""tile_id"": ""tile_1"", ""steps"": 0, ""power_mw"": 0.0, ""energy_wh_delta"": 0.0, ""ts"": ""2026-08-08T02:34:55.974839""}",2026-08-08T02:34:55.974839
energy,"{""tile_id"": ""tile_2"", ""steps"": 0, ""power_mw"": 0.0, ""energy_wh_delta"": 0.0, ""ts"": ""2026-08-08T02:34:55.974839""}",2026-08-08T02:34:55.974839
energy,"{""tile_id"": ""tile_3"", ""steps"": 0, ""power_mw"": 0.0, ""energy_wh_delta"": 0.0, ""ts"": ""2026-08-08T02:34:55.974839""}",2026-08-08T02:34:55.990469
rssi,"{""node_id"": ""corridor_node_1"", ""rssi"": -54.3, ""ts"": ""2026-08-08T02:34:55.974839""}",2026-08-08T02:34:55.990469
energy,"{""tile_id"": ""tile_1"", ""steps"": 1, ""power_mw"": 525.27, ""energy_wh_delta"": 0.00073, ""ts"": ""2026-08-08T02:35:00.978359""}",2026-08-08T02:35:00.986245
energy,"{""tile_id"": ""tile_2"", ""steps"": 0, ""power_mw"": 0.0, ""energy_wh_delta"": 0.0, ""ts"": ""2026-08-08T02:35:00.978359""}",2026-08-08T02:35:01.001886
energy,"{""tile_id"": ""tile_3"", ""steps"": 1, ""power_mw"": 291.92, ""energy_wh_delta"": 0.00041, ""ts"": ""2026-08-08T02:35:00.978359""}",2026-08-08T02:35:01.001886
rssi,"{""node_id"": ""corridor_node_1"", ""rssi"": -54.5, ""ts"": ""2026-08-08T02:35:00.978359""}",2026-08-08T02:35:01.017502
energy,"{""tile_id"": ""tile_1"", ""steps"": 0, ""power_mw"": 0.0, ""energy_wh_delta"": 0.0, ""ts"": ""2026-08-08T02:35:05.987789""}",2026-08-08T02:35:05.995500
energy,"{""tile_id"": ""tile_2"", ""steps"": 1, ""power_mw"": 459.92, ""energy_wh_delta"": 0.00064, ""ts"": ""2026-08-08T02:35:05.987789""}",2026-08-08T02:35:05.995500
energy,"{""tile_id"": ""tile_3"", ""steps"": 0, ""power_mw"": 0.0, ""energy_wh_delta"": 0.0, ""ts"": ""2026-08-08T02:35:05.987789""}",2026-08-08T02:35:06.011181
rssi,"{""node_id"": ""corridor_node_1"", ""rssi"": -55.8, ""ts"": ""2026-08-08T02:35:05.987789""}",2026-08-08T02:35:06.026756
energy,"{""tile_id"": ""tile_1"", ""steps"": 1, ""power_mw"": 623.88, ""energy_wh_delta"": 0.00087, ""ts"": ""2026-08-08T02:35:10.996235""}",2026-08-08T02:35:10.996235
energy,"{""tile_id"": ""tile_2"", ""steps"": 1, ""power_mw"": 542.02, ""energy_wh_delta"": 0.00075, ""ts"": ""2026-08-08T02:35:10.996235""}",2026-08-08T02:35:11.011728
energy,"{""tile_id"": ""tile_3"", ""steps"": 0, ""power_mw"": 0.0, ""energy_wh_delta"": 0.0, ""ts"": ""2026-08-08T02:35:10.996235""}",2026-08-08T02:35:11.027380
rssi,"{""node_id"": ""corridor_node_1"", ""rssi"": -54.2, ""ts"": ""2026-08-08T02:35:10.996235""}",2026-08-08T02:35:11.027380
energy,"{""tile_id"": ""tile_1"", ""steps"": 0, ""power_mw"": 0.0, ""energy_wh_delta"": 0.0, ""ts"": ""2026-08-08T02:35:16.003181""}",2026-08-08T02:35:16.003181
energy,"{""tile_id"": ""tile_2"", ""steps"": 0, ""power_mw"": 0.0, ""energy_wh_delta"": 0.0, ""ts"": ""2026-08-08T02:35:16.003181""}",2026-08-08T02:35:16.018622
energy,"{""tile_id"": ""tile_3"", ""steps"": 0, ""power_mw"": 0.0, ""energy_wh_delta"": 0.0, ""ts"": ""2026-08-08T02:35:16.003181""}",2026-08-08T02:35:16.034243
rssi,"{""node_id"": ""corridor_node_1"", ""rssi"": -53.0, ""ts"": ""2026-08-08T02:35:16.003181""}",2026-08-08T02:35:16.034243
energy,"{""tile_id"": ""tile_1"", ""steps"": 1, ""power_mw"": 454.67, ""energy_wh_delta"": 0.00063, ""ts"": ""2026-08-08T02:35:21.009993""}",2026-08-08T02:35:21.009993
energy,"{""tile_id"": ""tile_2"", ""steps"": 0, ""power_mw"": 0.0, ""energy_wh_delta"": 0.0, ""ts"": ""2026-08-08T02:35:21.009993""}",2026-08-08T02:35:21.025442
energy,"{""tile_id"": ""tile_3"", ""steps"": 0, ""power_mw"": 0.0, ""energy_wh_delta"": 0.0, ""ts"": ""2026-08-08T02:35:21.009993""}",2026-08-08T02:35:21.041106
rssi,"{""node_id"": ""corridor_node_1"", ""rssi"": -55.4, ""ts"": ""2026-08-08T02:35:21.009993""}",2026-08-08T02:35:21.056680
energy,"{""tile_id"": ""tile_1"", ""steps"": 0, ""power_mw"": 0.0, ""energy_wh_delta"": 0.0, ""ts"": ""2026-08-08T02:35:26.018536""}",2026-08-08T02:35:26.027433
energy,"{""tile_id"": ""tile_2"", ""steps"": 1, ""power_mw"": 532.33, ""energy_wh_delta"": 0.00074, ""ts"": ""2026-08-08T02:35:26.018536""}",2026-08-08T02:35:26.042392
energy,"{""tile_id"": ""tile_3"", ""steps"": 2, ""power_mw"": 1233.82, ""energy_wh_delta"": 0.00171, ""ts"": ""2026-08-08T02:35:26.018536""}",2026-08-08T02:35:26.054358
rssi,"{""node_id"": ""corridor_node_1"", ""rssi"": -55.2, ""ts"": ""2026-08-08T02:35:26.018536""}",2026-08-08T02:35:26.063869
energy,"{""tile_id"": ""tile_1"", ""steps"": 0, ""power_mw"": 0.0, ""energy_wh_delta"": 0.0, ""ts"": ""2026-08-08T02:35:31.025796""}",2026-08-08T02:35:31.033838
energy,"{""tile_id"": ""tile_2"", ""steps"": 0, ""power_mw"": 0.0, ""energy_wh_delta"": 0.0, ""ts"": ""2026-08-08T02:35:31.025796""}",2026-08-08T02:35:31.049471
energy,"{""tile_id"": ""tile_3"", ""steps"": 0, ""power_mw"": 0.0, ""energy_wh_delta"": 0.0, ""ts"": ""2026-08-08T02:35:31.025796""}",2026-08-08T02:35:31.049471
rssi,"{""node_id"": ""corridor_node_1"", ""rssi"": -51.4, ""ts"": ""2026-08-08T02:35:31.025796""}",2026-08-08T02:35:31.065132
energy,"{""tile_id"": ""tile_1"", ""steps"": 0, ""power_mw"": 0.0, ""energy_wh_delta"": 0.0, ""ts"": ""2026-08-08T02:35:36.028036""}",2026-08-08T02:35:36.042912
energy,"{""tile_id"": ""tile_2"", ""steps"": 0, ""power_mw"": 0.0, ""energy_wh_delta"": 0.0, ""ts"": ""2026-08-08T02:35:36.028036""}",2026-08-08T02:35:36.058542
energy,"{""tile_id"": ""tile_3"", ""steps"": 2, ""power_mw"": 906.09, ""energy_wh_delta"": 0.00126, ""ts"": ""2026-08-08T02:35:36.028036""}",2026-08-08T02:35:36.058542
rssi,"{""node_id"": ""corridor_node_1"", ""rssi"": -55.9, ""ts"": ""2026-08-08T02:35:36.028036""}",2026-08-08T02:35:36.074164
energy,"{""tile_id"": ""tile_1"", ""steps"": 0, ""power_mw"": 0.0, ""energy_wh_delta"": 0.0, ""ts"": ""2026-08-08T02:35:41.032363""}",2026-08-08T02:35:41.046134
energy,"{""tile_id"": ""tile_2"", ""steps"": 0, ""power_mw"": 0.0, ""energy_wh_delta"": 0.0, ""ts"": ""2026-08-08T02:35:41.032363""}",2026-08-08T02:35:41.046134
energy,"{""tile_id"": ""tile_3"", ""steps"": 0, ""power_mw"": 0.0, ""energy_wh_delta"": 0.0, ""ts"": ""2026-08-08T02:35:41.032363""}",2026-08-08T02:35:41.061777
rssi,"{""node_id"": ""corridor_node_1"", ""rssi"": -55.1, ""ts"": ""2026-08-08T02:35:41.032363""}",2026-08-08T02:35:41.077393
energy,"{""tile_id"": ""tile_1"", ""steps"": 0, ""power_mw"": 0.0, ""energy_wh_delta"": 0.0, ""ts"": ""2026-08-08T02:35:46.040959""}",2026-08-08T02:35:46.040959
energy,"{""tile_id"": ""tile_2"", ""steps"": 1, ""power_mw"": 375.73, ""energy_wh_delta"": 0.00052, ""ts"": ""2026-08-08T02:35:46.040959""}",2026-08-08T02:35:46.040959
energy,"{""tile_id"": ""tile_3"", ""steps"": 0, ""power_mw"": 0.0, ""energy_wh_delta"": 0.0, ""ts"": ""2026-08-08T02:35:46.040959""}",2026-08-08T02:35:46.056413
rssi,"{""node_id"": ""corridor_node_1"", ""rssi"": -54.7, ""ts"": ""2026-08-08T02:35:46.040959""}",2026-08-08T02:35:46.072033
energy,"{""tile_id"": ""tile_1"", ""steps"": 1, ""power_mw"": 435.14, ""energy_wh_delta"": 0.0006, ""ts"": ""2026-08-08T02:35:51.044994""}",2026-08-08T02:35:51.052570
energy,"{""tile_id"": ""tile_2"", ""steps"": 2, ""power_mw"": 1068.51, ""energy_wh_delta"": 0.00148, ""ts"": ""2026-08-08T02:35:51.044994""}",2026-08-08T02:35:51.068211
energy,"{""tile_id"": ""tile_3"", ""steps"": 2, ""power_mw"": 738.32, ""energy_wh_delta"": 0.00103, ""ts"": ""2026-08-08T02:35:51.044994""}",2026-08-08T02:35:51.083838
rssi,"{""node_id"": ""corridor_node_1"", ""rssi"": -56.0, ""ts"": ""2026-08-08T02:35:51.044994""}",2026-08-08T02:35:51.083838
energy,"{""tile_id"": ""tile_1"", ""steps"": 0, ""power_mw"": 0.0, ""energy_wh_delta"": 0.0, ""ts"": ""2026-08-08T02:35:56.053979""}",2026-08-08T02:35:56.063966
energy,"{""tile_id"": ""tile_2"", ""steps"": 0, ""power_mw"": 0.0, ""energy_wh_delta"": 0.0, ""ts"": ""2026-08-08T02:35:56.053979""}",2026-08-08T02:35:56.080137
energy,"{""tile_id"": ""tile_3"", ""steps"": 0, ""power_mw"": 0.0, ""energy_wh_delta"": 0.0, ""ts"": ""2026-08-08T02:35:56.054998""}",2026-08-08T02:35:56.090608
rssi,"{""node_id"": ""corridor_node_1"", ""rssi"": -52.7, ""ts"": ""2026-08-08T02:35:56.055987""}",2026-08-08T02:35:56.100026
energy,"{""tile_id"": ""tile_1"", ""steps"": 0, ""power_mw"": 0.0, ""energy_wh_delta"": 0.0, ""ts"": ""2026-08-08T02:36:01.062125""}",2026-08-08T02:36:01.069460
energy,"{""tile_id"": ""tile_2"", ""steps"": 0, ""power_mw"": 0.0, ""energy_wh_delta"": 0.0, ""ts"": ""2026-08-08T02:36:01.062125""}",2026-08-08T02:36:01.077133
energy,"{""tile_id"": ""tile_3"", ""steps"": 1, ""power_mw"": 303.84, ""energy_wh_delta"": 0.00042, ""ts"": ""2026-08-08T02:36:01.062125""}",2026-08-08T02:36:01.086872
rssi,"{""node_id"": ""corridor_node_1"", ""rssi"": -56.0, ""ts"": ""2026-08-08T02:36:01.062125""}",2026-08-08T02:36:01.093746
energy,"{""tile_id"": ""tile_1"", ""steps"": 1, ""power_mw"": 644.27, ""energy_wh_delta"": 0.00089, ""ts"": ""2026-08-08T02:36:06.063249""}",2026-08-08T02:36:06.063249
energy,"{""tile_id"": ""tile_2"", ""steps"": 0, ""power_mw"": 0.0, ""energy_wh_delta"": 0.0, ""ts"": ""2026-08-08T02:36:06.063249""}",2026-08-08T02:36:06.079878
energy,"{""tile_id"": ""tile_3"", ""steps"": 0, ""power_mw"": 0.0, ""energy_wh_delta"": 0.0, ""ts"": ""2026-08-08T02:36:06.063249""}",2026-08-08T02:36:06.096275
rssi,"{""node_id"": ""corridor_node_1"", ""rssi"": -55.2, ""ts"": ""2026-08-08T02:36:06.063249""}",2026-08-08T02:36:06.096275
energy,"{""tile_id"": ""tile_1"", ""steps"": 0, ""power_mw"": 0.0, ""energy_wh_delta"": 0.0, ""ts"": ""2026-08-08T02:36:11.063713""}",2026-08-08T02:36:11.066707
energy,"{""tile_id"": ""tile_2"", ""steps"": 0, ""power_mw"": 0.0, ""energy_wh_delta"": 0.0, ""ts"": ""2026-08-08T02:36:11.063713""}",2026-08-08T02:36:11.069765
energy,"{""tile_id"": ""tile_3"", ""steps"": 1, ""power_mw"": 445.66, ""energy_wh_delta"": 0.00062, ""ts"": ""2026-08-08T02:36:11.063713""}",2026-08-08T02:36:11.081443
rssi,"{""node_id"": ""corridor_node_1"", ""rssi"": -54.6, ""ts"": ""2026-08-08T02:36:11.063713""}",2026-08-08T02:36:11.086621
energy,"{""tile_id"": ""tile_1"", ""steps"": 0, ""power_mw"": 0.0, ""energy_wh_delta"": 0.0, ""ts"": ""2026-08-08T02:36:16.079803""}",2026-08-08T02:36:16.083793
energy,"{""tile_id"": ""tile_2"", ""steps"": 0, ""power_mw"": 0.0, ""energy_wh_delta"": 0.0, ""ts"": ""2026-08-08T02:36:16.080802""}",2026-08-08T02:36:16.086844
energy,"{""tile_id"": ""tile_3"", ""steps"": 0, ""power_mw"": 0.0, ""energy_wh_delta"": 0.0, ""ts"": ""2026-08-08T02:36:16.080802""}",2026-08-08T02:36:16.098437
rssi,"{""node_id"": ""corridor_node_1"", ""rssi"": -56.8, ""ts"": ""2026-08-08T02:36:16.081799""}",2026-08-08T02:36:16.103457
energy,"{""tile_id"": ""tile_1"", ""steps"": 0, ""power_mw"": 0.0, ""energy_wh_delta"": 0.0, ""ts"": ""2026-08-08T02:36:21.101620""}",2026-08-08T02:36:21.105277
energy,"{""tile_id"": ""tile_2"", ""steps"": 0, ""power_mw"": 0.0, ""energy_wh_delta"": 0.0, ""ts"": ""2026-08-08T02:36:21.101620""}",2026-08-08T02:36:21.114268
energy,"{""tile_id"": ""tile_3"", ""steps"": 1, ""power_mw"": 629.98, ""energy_wh_delta"": 0.00087, ""ts"": ""2026-08-08T02:36:21.101620""}",2026-08-08T02:36:21.120275
rssi,"{""node_id"": ""corridor_node_1"", ""rssi"": -54.0, ""ts"": ""2026-08-08T02:36:21.101620""}",2026-08-08T02:36:21.129898
energy,"{""tile_id"": ""tile_1"", ""steps"": 0, ""power_mw"": 0.0, ""energy_wh_delta"": 0.0, ""ts"": ""2026-08-08T02:36:26.113367""}",2026-08-08T02:36:26.120386
energy,"{""tile_id"": ""tile_2"", ""steps"": 0, ""power_mw"": 0.0, ""energy_wh_delta"": 0.0, ""ts"": ""2026-08-08T02:36:26.114375""}",2026-08-08T02:36:26.120386
energy,"{""tile_id"": ""tile_3"", ""steps"": 0, ""power_mw"": 0.0, ""energy_wh_delta"": 0.0, ""ts"": ""2026-08-08T02:36:26.114375""}",2026-08-08T02:36:26.136074
rssi,"{""node_id"": ""corridor_node_1"", ""rssi"": -53.5, ""ts"": ""2026-08-08T02:36:26.115363""}",2026-08-08T02:36:26.137108
energy,"{""tile_id"": ""tile_1"", ""steps"": 1, ""power_mw"": 639.62, ""energy_wh_delta"": 0.00089, ""ts"": ""2026-08-08T02:36:31.119022""}",2026-08-08T02:36:31.119022
energy,"{""tile_id"": ""tile_2"", ""steps"": 0, ""power_mw"": 0.0, ""energy_wh_delta"": 0.0, ""ts"": ""2026-08-08T02:36:31.119022""}",2026-08-08T02:36:31.132125
energy,"{""tile_id"": ""tile_3"", ""steps"": 1, ""power_mw"": 314.43, ""energy_wh_delta"": 0.00044, ""ts"": ""2026-08-08T02:36:31.119022""}",2026-08-08T02:36:31.137146
rssi,"{""node_id"": ""corridor_node_1"", ""rssi"": -53.2, ""ts"": ""2026-08-08T02:36:31.119022""}",2026-08-08T02:36:31.148746
energy,"{""tile_id"": ""tile_1"", ""steps"": 0, ""power_mw"": 0.0, ""energy_wh_delta"": 0.0, ""ts"": ""2026-08-08T02:36:36.119718""}",2026-08-08T02:36:36.132981
energy,"{""tile_id"": ""tile_2"", ""steps"": 0, ""power_mw"": 0.0, ""energy_wh_delta"": 0.0, ""ts"": ""2026-08-08T02:36:36.119718""}",2026-08-08T02:36:36.137028
energy,"{""tile_id"": ""tile_3"", ""steps"": 0, ""power_mw"": 0.0, ""energy_wh_delta"": 0.0, ""ts"": ""2026-08-08T02:36:36.119718""}",2026-08-08T02:36:36.150799
rssi,"{""node_id"": ""corridor_node_1"", ""rssi"": -55.6, ""ts"": ""2026-08-08T02:36:36.120752""}",2026-08-08T02:36:36.153824
energy,"{""tile_id"": ""tile_1"", ""steps"": 0, ""power_mw"": 0.0, ""energy_wh_delta"": 0.0, ""ts"": ""2026-08-08T02:36:41.130389""}",2026-08-08T02:36:41.133379
energy,"{""tile_id"": ""tile_2"", ""steps"": 1, ""power_mw"": 295.45, ""energy_wh_delta"": 0.00041, ""ts"": ""2026-08-08T02:36:41.130389""}",2026-08-08T02:36:41.137887
energy,"{""tile_id"": ""tile_3"", ""steps"": 0, ""power_mw"": 0.0, ""energy_wh_delta"": 0.0, ""ts"": ""2026-08-08T02:36:41.130389""}",2026-08-08T02:36:41.147908
rssi,"{""node_id"": ""corridor_node_1"", ""rssi"": -53.8, ""ts"": ""2026-08-08T02:36:41.131387""}",2026-08-08T02:36:41.154119
energy,"{""tile_id"": ""tile_1"", ""steps"": 1, ""power_mw"": 326.07, ""energy_wh_delta"": 0.00045, ""ts"": ""2026-08-08T02:36:46.202645""}",2026-08-08T02:36:46.227659
energy,"{""tile_id"": ""tile_2"", ""steps"": 2, ""power_mw"": 741.67, ""energy_wh_delta"": 0.00103, ""ts"": ""2026-08-08T02:36:46.204627""}",2026-08-08T02:36:46.239762
energy,"{""tile_id"": ""tile_3"", ""steps"": 0, ""power_mw"": 0.0, ""energy_wh_delta"": 0.0, ""ts"": ""2026-08-08T02:36:46.204627""}",2026-08-08T02:36:46.254705
rssi,"{""node_id"": ""corridor_node_1"", ""rssi"": -56.1, ""ts"": ""2026-08-08T02:36:46.204627""}",2026-08-08T02:36:46.262680
energy,"{""tile_id"": ""tile_1"", ""steps"": 0, ""power_mw"": 0.0, ""energy_wh_delta"": 0.0, ""ts"": ""2026-08-08T02:36:51.214523""}",2026-08-08T02:36:51.225098
energy,"{""tile_id"": ""tile_2"", ""steps"": 1, ""power_mw"": 455.98, ""energy_wh_delta"": 0.00063, ""ts"": ""2026-08-08T02:36:51.214523""}",2026-08-08T02:36:51.225098
energy,"{""tile_id"": ""tile_3"", ""steps"": 1, ""power_mw"": 478.2, ""energy_wh_delta"": 0.00066, ""ts"": ""2026-08-08T02:36:51.214523""}",2026-08-08T02:36:51.240726
rssi,"{""node_id"": ""corridor_node_1"", ""rssi"": -56.8, ""ts"": ""2026-08-08T02:36:51.214523""}",2026-08-08T02:36:51.245234
energy,"{""tile_id"": ""tile_1"", ""steps"": 0, ""power_mw"": 0.0, ""energy_wh_delta"": 0.0, ""ts"": ""2026-08-08T02:36:56.215847""}",2026-08-08T02:36:56.221655
energy,"{""tile_id"": ""tile_2"", ""steps"": 0, ""power_mw"": 0.0, ""energy_wh_delta"": 0.0, ""ts"": ""2026-08-08T02:36:56.216761""}",2026-08-08T02:36:56.230858
energy,"{""tile_id"": ""tile_3"", ""steps"": 0, ""power_mw"": 0.0, ""energy_wh_delta"": 0.0, ""ts"": ""2026-08-08T02:36:56.216761""}",2026-08-08T02:36:56.234447
rssi,"{""node_id"": ""corridor_node_1"", ""rssi"": -54.4, ""ts"": ""2026-08-08T02:36:56.216761""}",2026-08-08T02:36:56.234447
energy,"{""tile_id"": ""tile_1"", ""steps"": 1, ""power_mw"": 331.61, ""energy_wh_delta"": 0.00046, ""ts"": ""2026-08-08T02:37:01.230138""}",2026-08-08T02:37:01.231102
energy,"{""tile_id"": ""tile_2"", ""steps"": 0, ""power_mw"": 0.0, ""energy_wh_delta"": 0.0, ""ts"": ""2026-08-08T02:37:01.231102""}",2026-08-08T02:37:01.231102
energy,"{""tile_id"": ""tile_3"", ""steps"": 0, ""power_mw"": 0.0, ""energy_wh_delta"": 0.0, ""ts"": ""2026-08-08T02:37:01.231102""}",2026-08-08T02:37:01.247801
rssi,"{""node_id"": ""corridor_node_1"", ""rssi"": -57.1, ""ts"": ""2026-08-08T02:37:01.231102""}",2026-08-08T02:37:01.247801
energy,"{""tile_id"": ""tile_1"", ""steps"": 0, ""power_mw"": 0.0, ""energy_wh_delta"": 0.0, ""ts"": ""2026-08-08T02:37:06.231339""}",2026-08-08T02:37:06.231339
energy,"{""tile_id"": ""tile_2"", ""steps"": 0, ""power_mw"": 0.0, ""energy_wh_delta"": 0.0, ""ts"": ""2026-08-08T02:37:06.231339""}",2026-08-08T02:37:06.231339
energy,"{""tile_id"": ""tile_3"", ""steps"": 0, ""power_mw"": 0.0, ""energy_wh_delta"": 0.0, ""ts"": ""2026-08-08T02:37:06.231339""}",2026-08-08T02:37:06.247970
rssi,"{""node_id"": ""corridor_node_1"", ""rssi"": -53.1, ""ts"": ""2026-08-08T02:37:06.231339""}",2026-08-08T02:37:06.247970
energy,"{""tile_id"": ""tile_1"", ""steps"": 0, ""power_mw"": 0.0, ""energy_wh_delta"": 0.0, ""ts"": ""2026-08-08T02:37:11.232003""}",2026-08-08T02:37:11.235993
energy,"{""tile_id"": ""tile_2"", ""steps"": 0, ""power_mw"": 0.0, ""energy_wh_delta"": 0.0, ""ts"": ""2026-08-08T02:37:11.232003""}",2026-08-08T02:37:11.242975
energy,"{""tile_id"": ""tile_3"", ""steps"": 0, ""power_mw"": 0.0, ""energy_wh_delta"": 0.0, ""ts"": ""2026-08-08T02:37:11.232003""}",2026-08-08T02:37:11.251083
rssi,"{""node_id"": ""corridor_node_1"", ""rssi"": -52.7, ""ts"": ""2026-08-08T02:37:11.232003""}",2026-08-08T02:37:11.258064
energy,"{""tile_id"": ""tile_1"", ""steps"": 0, ""power_mw"": 0.0, ""energy_wh_delta"": 0.0, ""ts"": ""2026-08-08T02:37:16.237440""}",2026-08-08T02:37:16.240431
energy,"{""tile_id"": ""tile_2"", ""steps"": 0, ""power_mw"": 0.0, ""energy_wh_delta"": 0.0, ""ts"": ""2026-08-08T02:37:16.237440""}",2026-08-08T02:37:16.249210
energy,"{""tile_id"": ""tile_3"", ""steps"": 1, ""power_mw"": 636.12, ""energy_wh_delta"": 0.00088, ""ts"": ""2026-08-08T02:37:16.238436""}",2026-08-08T02:37:16.258187
rssi,"{""node_id"": ""corridor_node_1"", ""rssi"": -52.8, ""ts"": ""2026-08-08T02:37:16.241429""}",2026-08-08T02:37:16.267214
energy,"{""tile_id"": ""tile_1"", ""steps"": 0, ""power_mw"": 0.0, ""energy_wh_delta"": 0.0, ""ts"": ""2026-08-08T02:37:21.248453""}",2026-08-08T02:37:21.252442
energy,"{""tile_id"": ""tile_2"", ""steps"": 1, ""power_mw"": 352.61, ""energy_wh_delta"": 0.00049, ""ts"": ""2026-08-08T02:37:21.248453""}",2026-08-08T02:37:21.259424
energy,"{""tile_id"": ""tile_3"", ""steps"": 0, ""power_mw"": 0.0, ""energy_wh_delta"": 0.0, ""ts"": ""2026-08-08T02:37:21.248453""}",2026-08-08T02:37:21.266917
rssi,"{""node_id"": ""corridor_node_1"", ""rssi"": -56.3, ""ts"": ""2026-08-08T02:37:21.249452""}",2026-08-08T02:37:21.273898
energy,"{""tile_id"": ""tile_1"", ""steps"": 1, ""power_mw"": 573.8, ""energy_wh_delta"": 0.0008, ""ts"": ""2026-08-08T02:37:26.253194""}",2026-08-08T02:37:26.267596
energy,"{""tile_id"": ""tile_2"", ""steps"": 1, ""power_mw"": 619.16, ""energy_wh_delta"": 0.00086, ""ts"": ""2026-08-08T02:37:26.253194""}",2026-08-08T02:37:26.267596
energy,"{""tile_id"": ""tile_3"", ""steps"": 1, ""power_mw"": 526.97, ""energy_wh_delta"": 0.00073, ""ts"": ""2026-08-08T02:37:26.253194""}",2026-08-08T02:37:26.290764
rssi,"{""node_id"": ""corridor_node_1"", ""rssi"": -54.3, ""ts"": ""2026-08-08T02:37:26.253194""}",2026-08-08T02:37:26.290764
energy,"{""tile_id"": ""tile_1"", ""steps"": 1, ""power_mw"": 460.37, ""energy_wh_delta"": 0.00064, ""ts"": ""2026-08-08T02:37:31.263424""}",2026-08-08T02:37:31.265697
energy,"{""tile_id"": ""tile_2"", ""steps"": 0, ""power_mw"": 0.0, ""energy_wh_delta"": 0.0, ""ts"": ""2026-08-08T02:37:31.263424""}",2026-08-08T02:37:31.281318
energy,"{""tile_id"": ""tile_3"", ""steps"": 0, ""power_mw"": 0.0, ""energy_wh_delta"": 0.0, ""ts"": ""2026-08-08T02:37:31.265697""}",2026-08-08T02:37:31.298451
rssi,"{""node_id"": ""corridor_node_1"", ""rssi"": -55.9, ""ts"": ""2026-08-08T02:37:31.265697""}",2026-08-08T02:37:31.298451
energy,"{""tile_id"": ""tile_1"", ""steps"": 0, ""power_mw"": 0.0, ""energy_wh_delta"": 0.0, ""ts"": ""2026-08-08T02:37:36.273947""}",2026-08-08T02:37:36.277942
energy,"{""tile_id"": ""tile_2"", ""steps"": 0, ""power_mw"": 0.0, ""energy_wh_delta"": 0.0, ""ts"": ""2026-08-08T02:37:36.273947""}",2026-08-08T02:37:36.287522
energy,"{""tile_id"": ""tile_3"", ""steps"": 2, ""power_mw"": 1132.86, ""energy_wh_delta"": 0.00157, ""ts"": ""2026-08-08T02:37:36.273947""}",2026-08-08T02:37:36.296350
rssi,"{""node_id"": ""corridor_node_1"", ""rssi"": -54.3, ""ts"": ""2026-08-08T02:37:36.274950""}",2026-08-08T02:37:36.304312
energy,"{""tile_id"": ""tile_1"", ""steps"": 0, ""power_mw"": 0.0, ""energy_wh_delta"": 0.0, ""ts"": ""2026-08-08T02:37:41.281190""}",2026-08-08T02:37:41.292426
energy,"{""tile_id"": ""tile_2"", ""steps"": 0, ""power_mw"": 0.0, ""energy_wh_delta"": 0.0, ""ts"": ""2026-08-08T02:37:41.281190""}",2026-08-08T02:37:41.298939
energy,"{""tile_id"": ""tile_3"", ""steps"": 0, ""power_mw"": 0.0, ""energy_wh_delta"": 0.0, ""ts"": ""2026-08-08T02:37:41.283088""}",2026-08-08T02:37:41.298939
rssi,"{""node_id"": ""corridor_node_1"", ""rssi"": -53.6, ""ts"": ""2026-08-08T02:37:41.283088""}",2026-08-08T02:37:41.318418
energy,"{""tile_id"": ""tile_1"", ""steps"": 0, ""power_mw"": 0.0, ""energy_wh_delta"": 0.0, ""ts"": ""2026-08-08T02:37:46.288723""}",2026-08-08T02:37:46.292717
energy,"{""tile_id"": ""tile_2"", ""steps"": 0, ""power_mw"": 0.0, ""energy_wh_delta"": 0.0, ""ts"": ""2026-08-08T02:37:46.288723""}",2026-08-08T02:37:46.300719
energy,"{""tile_id"": ""tile_3"", ""steps"": 0, ""power_mw"": 0.0, ""energy_wh_delta"": 0.0, ""ts"": ""2026-08-08T02:37:46.288723""}",2026-08-08T02:37:46.308750
rssi,"{""node_id"": ""corridor_node_1"", ""rssi"": -54.4, ""ts"": ""2026-08-08T02:37:46.288723""}",2026-08-08T02:37:46.316687
energy,"{""tile_id"": ""tile_1"", ""steps"": 2, ""power_mw"": 583.41, ""energy_wh_delta"": 0.00081, ""ts"": ""2026-08-08T02:37:51.297905""}",2026-08-08T02:37:51.297905
energy,"{""tile_id"": ""tile_2"", ""steps"": 0, ""power_mw"": 0.0, ""energy_wh_delta"": 0.0, ""ts"": ""2026-08-08T02:37:51.297905""}",2026-08-08T02:37:51.303910
energy,"{""tile_id"": ""tile_3"", ""steps"": 0, ""power_mw"": 0.0, ""energy_wh_delta"": 0.0, ""ts"": ""2026-08-08T02:37:51.297905""}",2026-08-08T02:37:51.303910
rssi,"{""node_id"": ""corridor_node_1"", ""rssi"": -52.6, ""ts"": ""2026-08-08T02:37:51.297905""}",2026-08-08T02:37:51.319536
energy,"{""tile_id"": ""tile_1"", ""steps"": 0, ""power_mw"": 0.0, ""energy_wh_delta"": 0.0, ""ts"": ""2026-08-08T02:37:56.307994""}",2026-08-08T02:37:56.307994
energy,"{""tile_id"": ""tile_2"", ""steps"": 0, ""power_mw"": 0.0, ""energy_wh_delta"": 0.0, ""ts"": ""2026-08-08T02:37:56.307994""}",2026-08-08T02:37:56.314501
energy,"{""tile_id"": ""tile_3"", ""steps"": 0, ""power_mw"": 0.0, ""energy_wh_delta"": 0.0, ""ts"": ""2026-08-08T02:37:56.307994""}",2026-08-08T02:37:56.314501
rssi,"{""node_id"": ""corridor_node_1"", ""rssi"": -50.7, ""ts"": ""2026-08-08T02:37:56.307994""}",2026-08-08T02:37:56.330130
energy,"{""tile_id"": ""tile_1"", ""steps"": 0, ""power_mw"": 0.0, ""energy_wh_delta"": 0.0, ""ts"": ""2026-08-08T02:38:01.311867""}",2026-08-08T02:38:01.311867
energy,"{""tile_id"": ""tile_2"", ""steps"": 0, ""power_mw"": 0.0, ""energy_wh_delta"": 0.0, ""ts"": ""2026-08-08T02:38:01.311867""}",2026-08-08T02:38:01.311867
energy,"{""tile_id"": ""tile_3"", ""steps"": 0, ""power_mw"": 0.0, ""energy_wh_delta"": 0.0, ""ts"": ""2026-08-08T02:38:01.311867""}",2026-08-08T02:38:01.329159
rssi,"{""node_id"": ""corridor_node_1"", ""rssi"": -55.2, ""ts"": ""2026-08-08T02:38:01.311867""}",2026-08-08T02:38:01.336543
energy,"{""tile_id"": ""tile_1"", ""steps"": 0, ""power_mw"": 0.0, ""energy_wh_delta"": 0.0, ""ts"": ""2026-08-08T02:38:06.316055""}",2026-08-08T02:38:06.318534
energy,"{""tile_id"": ""tile_2"", ""steps"": 0, ""power_mw"": 0.0, ""energy_wh_delta"": 0.0, ""ts"": ""2026-08-08T02:38:06.316426""}",2026-08-08T02:38:06.329542
energy,"{""tile_id"": ""tile_3"", ""steps"": 0, ""power_mw"": 0.0, ""energy_wh_delta"": 0.0, ""ts"": ""2026-08-08T02:38:06.316539""}",2026-08-08T02:38:06.336050
rssi,"{""node_id"": ""corridor_node_1"", ""rssi"": -54.7, ""ts"": ""2026-08-08T02:38:06.316539""}",2026-08-08T02:38:06.344264
energy,"{""tile_id"": ""tile_1"", ""steps"": 0, ""power_mw"": 0.0, ""energy_wh_delta"": 0.0, ""ts"": ""2026-08-08T02:38:11.331078""}",2026-08-08T02:38:11.343561
energy,"{""tile_id"": ""tile_2"", ""steps"": 0, ""power_mw"": 0.0, ""energy_wh_delta"": 0.0, ""ts"": ""2026-08-08T02:38:11.331078""}",2026-08-08T02:38:11.354873
energy,"{""tile_id"": ""tile_3"", ""steps"": 1, ""power_mw"": 574.99, ""energy_wh_delta"": 0.0008, ""ts"": ""2026-08-08T02:38:11.331942""}",2026-08-08T02:38:11.364682
rssi,"{""node_id"": ""corridor_node_1"", ""rssi"": -56.8, ""ts"": ""2026-08-08T02:38:11.335918""}",2026-08-08T02:38:11.374382
energy,"{""tile_id"": ""tile_1"", ""steps"": 0, ""power_mw"": 0.0, ""energy_wh_delta"": 0.0, ""ts"": ""2026-08-08T02:38:16.350606""}",2026-08-08T02:38:16.353035
energy,"{""tile_id"": ""tile_2"", ""steps"": 0, ""power_mw"": 0.0, ""energy_wh_delta"": 0.0, ""ts"": ""2026-08-08T02:38:16.353035""}",2026-08-08T02:38:16.361541
energy,"{""tile_id"": ""tile_3"", ""steps"": 0, ""power_mw"": 0.0, ""energy_wh_delta"": 0.0, ""ts"": ""2026-08-08T02:38:16.353035""}",2026-08-08T02:38:16.369417
rssi,"{""node_id"": ""corridor_node_1"", ""rssi"": -54.0, ""ts"": ""2026-08-08T02:38:16.353035""}",2026-08-08T02:38:16.386138
energy,"{""tile_id"": ""tile_1"", ""steps"": 0, ""power_mw"": 0.0, ""energy_wh_delta"": 0.0, ""ts"": ""2026-08-08T02:38:21.365452""}",2026-08-08T02:38:21.376495
energy,"{""tile_id"": ""tile_2"", ""steps"": 1, ""power_mw"": 416.94, ""energy_wh_delta"": 0.00058, ""ts"": ""2026-08-08T02:38:21.365452""}",2026-08-08T02:38:21.384401
energy,"{""tile_id"": ""tile_3"", ""steps"": 1, ""power_mw"": 381.25, ""energy_wh_delta"": 0.00053, ""ts"": ""2026-08-08T02:38:21.365452""}",2026-08-08T02:38:21.391383
rssi,"{""node_id"": ""corridor_node_1"", ""rssi"": -53.7, ""ts"": ""2026-08-08T02:38:21.366486""}",2026-08-08T02:38:21.399563
energy,"{""tile_id"": ""tile_1"", ""steps"": 0, ""power_mw"": 0.0, ""energy_wh_delta"": 0.0, ""ts"": ""2026-08-08T02:38:26.367530""}",2026-08-08T02:38:26.369758
energy,"{""tile_id"": ""tile_2"", ""steps"": 0, ""power_mw"": 0.0, ""energy_wh_delta"": 0.0, ""ts"": ""2026-08-08T02:38:26.367530""}",2026-08-08T02:38:26.369758
energy,"{""tile_id"": ""tile_3"", ""steps"": 1, ""power_mw"": 616.84, ""energy_wh_delta"": 0.00086, ""ts"": ""2026-08-08T02:38:26.367530""}",2026-08-08T02:38:26.389211
rssi,"{""node_id"": ""corridor_node_1"", ""rssi"": -52.9, ""ts"": ""2026-08-08T02:38:26.369758""}",2026-08-08T02:38:26.397190
energy,"{""tile_id"": ""tile_1"", ""steps"": 0, ""power_mw"": 0.0, ""energy_wh_delta"": 0.0, ""ts"": ""2026-08-08T02:38:31.383329""}",2026-08-08T02:38:31.387648
energy,"{""tile_id"": ""tile_2"", ""steps"": 0, ""power_mw"": 0.0, ""energy_wh_delta"": 0.0, ""ts"": ""2026-08-08T02:38:31.383329""}",2026-08-08T02:38:31.387648
energy,"{""tile_id"": ""tile_3"", ""steps"": 0, ""power_mw"": 0.0, ""energy_wh_delta"": 0.0, ""ts"": ""2026-08-08T02:38:31.383329""}",2026-08-08T02:38:31.403533
rssi,"{""node_id"": ""corridor_node_1"", ""rssi"": -56.9, ""ts"": ""2026-08-08T02:38:31.384326""}",2026-08-08T02:38:31.419388
energy,"{""tile_id"": ""tile_1"", ""steps"": 0, ""power_mw"": 0.0, ""energy_wh_delta"": 0.0, ""ts"": ""2026-08-08T02:38:36.398448""}",2026-08-08T02:38:36.408461
energy,"{""tile_id"": ""tile_2"", ""steps"": 1, ""power_mw"": 336.92, ""energy_wh_delta"": 0.00047, ""ts"": ""2026-08-08T02:38:36.398448""}",2026-08-08T02:38:36.408461
energy,"{""tile_id"": ""tile_3"", ""steps"": 0, ""power_mw"": 0.0, ""energy_wh_delta"": 0.0, ""ts"": ""2026-08-08T02:38:36.398448""}",2026-08-08T02:38:36.408461
rssi,"{""node_id"": ""corridor_node_1"", ""rssi"": -54.9, ""ts"": ""2026-08-08T02:38:36.398448""}",2026-08-08T02:38:36.424088
energy,"{""tile_id"": ""tile_1"", ""steps"": 0, ""power_mw"": 0.0, ""energy_wh_delta"": 0.0, ""ts"": ""2026-08-08T02:38:41.405993""}",2026-08-08T02:38:41.419751
energy,"{""tile_id"": ""tile_2"", ""steps"": 2, ""power_mw"": 1259.55, ""energy_wh_delta"": 0.00175, ""ts"": ""2026-08-08T02:38:41.405993""}",2026-08-08T02:38:41.435381
energy,"{""tile_id"": ""tile_3"", ""steps"": 0, ""power_mw"": 0.0, ""energy_wh_delta"": 0.0, ""ts"": ""2026-08-08T02:38:41.405993""}",2026-08-08T02:38:41.451003
rssi,"{""node_id"": ""corridor_node_1"", ""rssi"": -52.3, ""ts"": ""2026-08-08T02:38:41.405993""}",2026-08-08T02:38:41.451003
energy,"{""tile_id"": ""tile_1"", ""steps"": 0, ""power_mw"": 0.0, ""energy_wh_delta"": 0.0, ""ts"": ""2026-08-08T02:38:46.421663""}",2026-08-08T02:38:46.427671
energy,"{""tile_id"": ""tile_2"", ""steps"": 0, ""power_mw"": 0.0, ""energy_wh_delta"": 0.0, ""ts"": ""2026-08-08T02:38:46.421663""}",2026-08-08T02:38:46.427671
energy,"{""tile_id"": ""tile_3"", ""steps"": 0, ""power_mw"": 0.0, ""energy_wh_delta"": 0.0, ""ts"": ""2026-08-08T02:38:46.421663""}",2026-08-08T02:38:46.443306
rssi,"{""node_id"": ""corridor_node_1"", ""rssi"": -54.3, ""ts"": ""2026-08-08T02:38:46.421663""}",2026-08-08T02:38:46.443306
energy,"{""tile_id"": ""tile_1"", ""steps"": 0, ""power_mw"": 0.0, ""energy_wh_delta"": 0.0, ""ts"": ""2026-08-08T02:38:51.429539""}",2026-08-08T02:38:51.441845
energy,"{""tile_id"": ""tile_2"", ""steps"": 0, ""power_mw"": 0.0, ""energy_wh_delta"": 0.0, ""ts"": ""2026-08-08T02:38:51.429539""}",2026-08-08T02:38:51.441845
energy,"{""tile_id"": ""tile_3"", ""steps"": 0, ""power_mw"": 0.0, ""energy_wh_delta"": 0.0, ""ts"": ""2026-08-08T02:38:51.429539""}",2026-08-08T02:38:51.457471
rssi,"{""node_id"": ""corridor_node_1"", ""rssi"": -55.1, ""ts"": ""2026-08-08T02:38:51.429539""}",2026-08-08T02:38:51.457471
energy,"{""tile_id"": ""tile_1"", ""steps"": 0, ""power_mw"": 0.0, ""energy_wh_delta"": 0.0, ""ts"": ""2026-08-08T02:38:56.434508""}",2026-08-08T02:38:56.438497
energy,"{""tile_id"": ""tile_2"", ""steps"": 0, ""power_mw"": 0.0, ""energy_wh_delta"": 0.0, ""ts"": ""2026-08-08T02:38:56.434508""}",2026-08-08T02:38:56.444852
energy,"{""tile_id"": ""tile_3"", ""steps"": 0, ""power_mw"": 0.0, ""energy_wh_delta"": 0.0, ""ts"": ""2026-08-08T02:38:56.434508""}",2026-08-08T02:38:56.455823
rssi,"{""node_id"": ""corridor_node_1"", ""rssi"": -54.9, ""ts"": ""2026-08-08T02:38:56.435504""}",2026-08-08T02:38:56.463030
energy,"{""tile_id"": ""tile_1"", ""steps"": 0, ""power_mw"": 0.0, ""energy_wh_delta"": 0.0, ""ts"": ""2026-08-08T02:39:01.449631""}",2026-08-08T02:39:01.461262
energy,"{""tile_id"": ""tile_2"", ""steps"": 0, ""power_mw"": 0.0, ""energy_wh_delta"": 0.0, ""ts"": ""2026-08-08T02:39:01.449631""}",2026-08-08T02:39:01.461262
energy,"{""tile_id"": ""tile_3"", ""steps"": 0, ""power_mw"": 0.0, ""energy_wh_delta"": 0.0, ""ts"": ""2026-08-08T02:39:01.449631""}",2026-08-08T02:39:01.461262
rssi,"{""node_id"": ""corridor_node_1"", ""rssi"": -52.7, ""ts"": ""2026-08-08T02:39:01.449631""}",2026-08-08T02:39:01.476889
energy,"{""tile_id"": ""tile_1"", ""steps"": 0, ""power_mw"": 0.0, ""energy_wh_delta"": 0.0, ""ts"": ""2026-08-08T02:39:06.457724""}",2026-08-08T02:39:06.460714
energy,"{""tile_id"": ""tile_2"", ""steps"": 0, ""power_mw"": 0.0, ""energy_wh_delta"": 0.0, ""ts"": ""2026-08-08T02:39:06.457724""}",2026-08-08T02:39:06.470691
energy,"{""tile_id"": ""tile_3"", ""steps"": 0, ""power_mw"": 0.0, ""energy_wh_delta"": 0.0, ""ts"": ""2026-08-08T02:39:06.457724""}",2026-08-08T02:39:06.478666
rssi,"{""node_id"": ""corridor_node_1"", ""rssi"": -54.5, ""ts"": ""2026-08-08T02:39:06.458720""}",2026-08-08T02:39:06.487643
energy,"{""tile_id"": ""tile_1"", ""steps"": 1, ""power_mw"": 615.14, ""energy_wh_delta"": 0.00085, ""ts"": ""2026-08-08T02:39:11.460064""}",2026-08-08T02:39:11.474800
energy,"{""tile_id"": ""tile_2"", ""steps"": 0, ""power_mw"": 0.0, ""energy_wh_delta"": 0.0, ""ts"": ""2026-08-08T02:39:11.460064""}",2026-08-08T02:39:11.490433
energy,"{""tile_id"": ""tile_3"", ""steps"": 0, ""power_mw"": 0.0, ""energy_wh_delta"": 0.0, ""ts"": ""2026-08-08T02:39:11.460064""}",2026-08-08T02:39:11.506069
rssi,"{""node_id"": ""corridor_node_1"", ""rssi"": -58.8, ""ts"": ""2026-08-08T02:39:11.460064""}",2026-08-08T02:39:11.513083
energy,"{""tile_id"": ""tile_1"", ""steps"": 1, ""power_mw"": 486.8, ""energy_wh_delta"": 0.00068, ""ts"": ""2026-08-08T02:39:16.467435""}",2026-08-08T02:39:16.475322
energy,"{""tile_id"": ""tile_2"", ""steps"": 0, ""power_mw"": 0.0, ""energy_wh_delta"": 0.0, ""ts"": ""2026-08-08T02:39:16.467435""}",2026-08-08T02:39:16.475322
energy,"{""tile_id"": ""tile_3"", ""steps"": 0, ""power_mw"": 0.0, ""energy_wh_delta"": 0.0, ""ts"": ""2026-08-08T02:39:16.467435""}",2026-08-08T02:39:16.490955
rssi,"{""node_id"": ""corridor_node_1"", ""rssi"": -57.7, ""ts"": ""2026-08-08T02:39:16.467435""}",2026-08-08T02:39:16.506575
energy,"{""tile_id"": ""tile_1"", ""steps"": 0, ""power_mw"": 0.0, ""energy_wh_delta"": 0.0, ""ts"": ""2026-08-08T02:39:21.477270""}",2026-08-08T02:39:21.477270
energy,"{""tile_id"": ""tile_2"", ""steps"": 0, ""power_mw"": 0.0, ""energy_wh_delta"": 0.0, ""ts"": ""2026-08-08T02:39:21.477270""}",2026-08-08T02:39:21.477270
energy,"{""tile_id"": ""tile_3"", ""steps"": 0, ""power_mw"": 0.0, ""energy_wh_delta"": 0.0, ""ts"": ""2026-08-08T02:39:21.477270""}",2026-08-08T02:39:21.492663
rssi,"{""node_id"": ""corridor_node_1"", ""rssi"": -58.8, ""ts"": ""2026-08-08T02:39:21.477270""}",2026-08-08T02:39:21.492663
energy,"{""tile_id"": ""tile_1"", ""steps"": 0, ""power_mw"": 0.0, ""energy_wh_delta"": 0.0, ""ts"": ""2026-08-08T02:39:26.484868""}",2026-08-08T02:39:26.484868
energy,"{""tile_id"": ""tile_2"", ""steps"": 1, ""power_mw"": 381.1, ""energy_wh_delta"": 0.00053, ""ts"": ""2026-08-08T02:39:26.484868""}",2026-08-08T02:39:26.484868
energy,"{""tile_id"": ""tile_3"", ""steps"": 0, ""power_mw"": 0.0, ""energy_wh_delta"": 0.0, ""ts"": ""2026-08-08T02:39:26.484868""}",2026-08-08T02:39:26.500488
rssi,"{""node_id"": ""corridor_node_1"", ""rssi"": -56.2, ""ts"": ""2026-08-08T02:39:26.484868""}",2026-08-08T02:39:26.500488
energy,"{""tile_id"": ""tile_1"", ""steps"": 0, ""power_mw"": 0.0, ""energy_wh_delta"": 0.0, ""ts"": ""2026-08-08T02:39:31.494840""}",2026-08-08T02:39:31.502505
energy,"{""tile_id"": ""tile_2"", ""steps"": 0, ""power_mw"": 0.0, ""energy_wh_delta"": 0.0, ""ts"": ""2026-08-08T02:39:31.494840""}",2026-08-08T02:39:31.518138
energy,"{""tile_id"": ""tile_3"", ""steps"": 0, ""power_mw"": 0.0, ""energy_wh_delta"": 0.0, ""ts"": ""2026-08-08T02:39:31.494840""}",2026-08-08T02:39:31.518138
rssi,"{""node_id"": ""corridor_node_1"", ""rssi"": -54.8, ""ts"": ""2026-08-08T02:39:31.494840""}",2026-08-08T02:39:31.532149
energy,"{""tile_id"": ""tile_1"", ""steps"": 0, ""power_mw"": 0.0, ""energy_wh_delta"": 0.0, ""ts"": ""2026-08-08T02:39:36.502047""}",2026-08-08T02:39:36.502047
energy,"{""tile_id"": ""tile_2"", ""steps"": 1, ""power_mw"": 501.29, ""energy_wh_delta"": 0.0007, ""ts"": ""2026-08-08T02:39:36.502047""}",2026-08-08T02:39:36.517667
energy,"{""tile_id"": ""tile_3"", ""steps"": 0, ""power_mw"": 0.0, ""energy_wh_delta"": 0.0, ""ts"": ""2026-08-08T02:39:36.502047""}",2026-08-08T02:39:36.517667
rssi,"{""node_id"": ""corridor_node_1"", ""rssi"": -54.7, ""ts"": ""2026-08-08T02:39:36.502047""}",2026-08-08T02:39:36.533285
energy,"{""tile_id"": ""tile_1"", ""steps"": 0, ""power_mw"": 0.0, ""energy_wh_delta"": 0.0, ""ts"": ""2026-08-08T02:39:41.526490""}",2026-08-08T02:39:41.526490
energy,"{""tile_id"": ""tile_2"", ""steps"": 1, ""power_mw"": 523.18, ""energy_wh_delta"": 0.00073, ""ts"": ""2026-08-08T02:39:41.526490""}",2026-08-08T02:39:41.526490
energy,"{""tile_id"": ""tile_3"", ""steps"": 0, ""power_mw"": 0.0, ""energy_wh_delta"": 0.0, ""ts"": ""2026-08-08T02:39:41.526490""}",2026-08-08T02:39:41.548626
rssi,"{""node_id"": ""corridor_node_1"", ""rssi"": -54.4, ""ts"": ""2026-08-08T02:39:41.526490""}",2026-08-08T02:39:41.548626
energy,"{""tile_id"": ""tile_1"", ""steps"": 0, ""power_mw"": 0.0, ""energy_wh_delta"": 0.0, ""ts"": ""2026-08-08T02:39:46.545286""}",2026-08-08T02:39:46.545286
energy,"{""tile_id"": ""tile_2"", ""steps"": 0, ""power_mw"": 0.0, ""energy_wh_delta"": 0.0, ""ts"": ""2026-08-08T02:39:46.545286""}",2026-08-08T02:39:46.545286
energy,"{""tile_id"": ""tile_3"", ""steps"": 1, ""power_mw"": 446.91, ""energy_wh_delta"": 0.00062, ""ts"": ""2026-08-08T02:39:46.545286""}",2026-08-08T02:39:46.558294
rssi,"{""node_id"": ""corridor_node_1"", ""rssi"": -51.5, ""ts"": ""2026-08-08T02:39:46.545286""}",2026-08-08T02:39:46.558294
energy,"{""tile_id"": ""tile_1"", ""steps"": 0, ""power_mw"": 0.0, ""energy_wh_delta"": 0.0, ""ts"": ""2026-08-08T02:39:51.547596""}",2026-08-08T02:39:51.547596
energy,"{""tile_id"": ""tile_2"", ""steps"": 2, ""power_mw"": 1294.06, ""energy_wh_delta"": 0.0018, ""ts"": ""2026-08-08T02:39:51.547596""}",2026-08-08T02:39:51.547596
energy,"{""tile_id"": ""tile_3"", ""steps"": 0, ""power_mw"": 0.0, ""energy_wh_delta"": 0.0, ""ts"": ""2026-08-08T02:39:51.547596""}",2026-08-08T02:39:51.565722
rssi,"{""node_id"": ""corridor_node_1"", ""rssi"": -53.2, ""ts"": ""2026-08-08T02:39:51.547596""}",2026-08-08T02:39:51.565722
energy,"{""tile_id"": ""tile_1"", ""steps"": 0, ""power_mw"": 0.0, ""energy_wh_delta"": 0.0, ""ts"": ""2026-08-08T02:39:56.560064""}",2026-08-08T02:39:56.565056
energy,"{""tile_id"": ""tile_2"", ""steps"": 0, ""power_mw"": 0.0, ""energy_wh_delta"": 0.0, ""ts"": ""2026-08-08T02:39:56.561067""}",2026-08-08T02:39:56.573036
energy,"{""tile_id"": ""tile_3"", ""steps"": 1, ""power_mw"": 376.49, ""energy_wh_delta"": 0.00052, ""ts"": ""2026-08-08T02:39:56.561067""}",2026-08-08T02:39:56.582013
rssi,"{""node_id"": ""corridor_node_1"", ""rssi"": -56.4, ""ts"": ""2026-08-08T02:39:56.561067""}",2026-08-08T02:39:56.590987
energy,"{""tile_id"": ""tile_1"", ""steps"": 0, ""power_mw"": 0.0, ""energy_wh_delta"": 0.0, ""ts"": ""2026-08-08T02:40:01.575765""}",2026-08-08T02:40:01.578758
energy,"{""tile_id"": ""tile_2"", ""steps"": 0, ""power_mw"": 0.0, ""energy_wh_delta"": 0.0, ""ts"": ""2026-08-08T02:40:01.575765""}",2026-08-08T02:40:01.586738
energy,"{""tile_id"": ""tile_3"", ""steps"": 0, ""power_mw"": 0.0, ""energy_wh_delta"": 0.0, ""ts"": ""2026-08-08T02:40:01.576764""}",2026-08-08T02:40:01.592720
rssi,"{""node_id"": ""corridor_node_1"", ""rssi"": -55.9, ""ts"": ""2026-08-08T02:40:01.582747""}",2026-08-08T02:40:01.599703
energy,"{""tile_id"": ""tile_1"", ""steps"": 0, ""power_mw"": 0.0, ""energy_wh_delta"": 0.0, ""ts"": ""2026-08-08T02:40:06.587855""}",2026-08-08T02:40:06.592661
energy,"{""tile_id"": ""tile_2"", ""steps"": 0, ""power_mw"": 0.0, ""energy_wh_delta"": 0.0, ""ts"": ""2026-08-08T02:40:06.587855""}",2026-08-08T02:40:06.601637
energy,"{""tile_id"": ""tile_3"", ""steps"": 0, ""power_mw"": 0.0, ""energy_wh_delta"": 0.0, ""ts"": ""2026-08-08T02:40:06.587855""}",2026-08-08T02:40:06.612831
rssi,"{""node_id"": ""corridor_node_1"", ""rssi"": -55.3, ""ts"": ""2026-08-08T02:40:06.588745""}",2026-08-08T02:40:06.619813
energy,"{""tile_id"": ""tile_1"", ""steps"": 0, ""power_mw"": 0.0, ""energy_wh_delta"": 0.0, ""ts"": ""2026-08-08T02:40:11.596367""}",2026-08-08T02:40:11.600029
energy,"{""tile_id"": ""tile_2"", ""steps"": 1, ""power_mw"": 581.81, ""energy_wh_delta"": 0.00081, ""ts"": ""2026-08-08T02:40:11.596367""}",2026-08-08T02:40:11.600029
energy,"{""tile_id"": ""tile_3"", ""steps"": 0, ""power_mw"": 0.0, ""energy_wh_delta"": 0.0, ""ts"": ""2026-08-08T02:40:11.596367""}",2026-08-08T02:40:11.615657
rssi,"{""node_id"": ""corridor_node_1"", ""rssi"": -50.2, ""ts"": ""2026-08-08T02:40:11.596367""}",2026-08-08T02:40:11.615657
energy,"{""tile_id"": ""tile_1"", ""steps"": 0, ""power_mw"": 0.0, ""energy_wh_delta"": 0.0, ""ts"": ""2026-08-08T02:40:16.599246""}",2026-08-08T02:40:16.599246
energy,"{""tile_id"": ""tile_2"", ""steps"": 0, ""power_mw"": 0.0, ""energy_wh_delta"": 0.0, ""ts"": ""2026-08-08T02:40:16.599246""}",2026-08-08T02:40:16.599246
energy,"{""tile_id"": ""tile_3"", ""steps"": 0, ""power_mw"": 0.0, ""energy_wh_delta"": 0.0, ""ts"": ""2026-08-08T02:40:16.599246""}",2026-08-08T02:40:16.614864
rssi,"{""node_id"": ""corridor_node_1"", ""rssi"": -53.2, ""ts"": ""2026-08-08T02:40:16.599246""}",2026-08-08T02:40:16.614864
energy,"{""tile_id"": ""tile_1"", ""steps"": 0, ""power_mw"": 0.0, ""energy_wh_delta"": 0.0, ""ts"": ""2026-08-08T02:40:21.611425""}",2026-08-08T02:40:21.611425
energy,"{""tile_id"": ""tile_2"", ""steps"": 0, ""power_mw"": 0.0, ""energy_wh_delta"": 0.0, ""ts"": ""2026-08-08T02:40:21.611425""}",2026-08-08T02:40:21.611425
energy,"{""tile_id"": ""tile_3"", ""steps"": 1, ""power_mw"": 608.26, ""energy_wh_delta"": 0.00084, ""ts"": ""2026-08-08T02:40:21.611425""}",2026-08-08T02:40:21.627048
rssi,"{""node_id"": ""corridor_node_1"", ""rssi"": -53.9, ""ts"": ""2026-08-08T02:40:21.611425""}",2026-08-08T02:40:21.627048
energy,"{""tile_id"": ""tile_1"", ""steps"": 0, ""power_mw"": 0.0, ""energy_wh_delta"": 0.0, ""ts"": ""2026-08-08T02:40:26.623782""}",2026-08-08T02:40:26.623782
energy,"{""tile_id"": ""tile_2"", ""steps"": 0, ""power_mw"": 0.0, ""energy_wh_delta"": 0.0, ""ts"": ""2026-08-08T02:40:26.623782""}",2026-08-08T02:40:26.623782
energy,"{""tile_id"": ""tile_3"", ""steps"": 0, ""power_mw"": 0.0, ""energy_wh_delta"": 0.0, ""ts"": ""2026-08-08T02:40:26.623782""}",2026-08-08T02:40:26.639402
rssi,"{""node_id"": ""corridor_node_1"", ""rssi"": -57.6, ""ts"": ""2026-08-08T02:40:26.623782""}",2026-08-08T02:40:26.639402
energy,"{""tile_id"": ""tile_1"", ""steps"": 0, ""power_mw"": 0.0, ""energy_wh_delta"": 0.0, ""ts"": ""2026-08-08T02:40:31.635926""}",2026-08-08T02:40:31.635926
energy,"{""tile_id"": ""tile_2"", ""steps"": 1, ""power_mw"": 486.92, ""energy_wh_delta"": 0.00068, ""ts"": ""2026-08-08T02:40:31.635926""}",2026-08-08T02:40:31.635926
energy,"{""tile_id"": ""tile_3"", ""steps"": 0, ""power_mw"": 0.0, ""energy_wh_delta"": 0.0, ""ts"": ""2026-08-08T02:40:31.635926""}",2026-08-08T02:40:31.651580
rssi,"{""node_id"": ""corridor_node_1"", ""rssi"": -52.9, ""ts"": ""2026-08-08T02:40:31.635926""}",2026-08-08T02:40:31.651580
energy,"{""tile_id"": ""tile_1"", ""steps"": 0, ""power_mw"": 0.0, ""energy_wh_delta"": 0.0, ""ts"": ""2026-08-08T02:40:36.783831""}",2026-08-08T02:40:36.866307
energy,"{""tile_id"": ""tile_2"", ""steps"": 0, ""power_mw"": 0.0, ""energy_wh_delta"": 0.0, ""ts"": ""2026-08-08T02:40:36.783831""}",2026-08-08T02:40:36.876368
energy,"{""tile_id"": ""tile_3"", ""steps"": 0, ""power_mw"": 0.0, ""energy_wh_delta"": 0.0, ""ts"": ""2026-08-08T02:40:36.783831""}",2026-08-08T02:40:36.926639
rssi,"{""node_id"": ""corridor_node_1"", ""rssi"": -55.4, ""ts"": ""2026-08-08T02:40:36.783831""}",2026-08-08T02:40:36.944710
energy,"{""tile_id"": ""tile_1"", ""steps"": 0, ""power_mw"": 0.0, ""energy_wh_delta"": 0.0, ""ts"": ""2026-08-08T02:40:41.794254""}",2026-08-08T02:40:41.794254
energy,"{""tile_id"": ""tile_2"", ""steps"": 0, ""power_mw"": 0.0, ""energy_wh_delta"": 0.0, ""ts"": ""2026-08-08T02:40:41.794254""}",2026-08-08T02:40:41.794254
energy,"{""tile_id"": ""tile_3"", ""steps"": 0, ""power_mw"": 0.0, ""energy_wh_delta"": 0.0, ""ts"": ""2026-08-08T02:40:41.794254""}",2026-08-08T02:40:41.809878
rssi,"{""node_id"": ""corridor_node_1"", ""rssi"": -52.9, ""ts"": ""2026-08-08T02:40:41.794254""}",2026-08-08T02:40:41.809878
energy,"{""tile_id"": ""tile_1"", ""steps"": 0, ""power_mw"": 0.0, ""energy_wh_delta"": 0.0, ""ts"": ""2026-08-08T02:40:46.805873""}",2026-08-08T02:40:46.811217
energy,"{""tile_id"": ""tile_2"", ""steps"": 0, ""power_mw"": 0.0, ""energy_wh_delta"": 0.0, ""ts"": ""2026-08-08T02:40:46.805873""}",2026-08-08T02:40:46.826848
energy,"{""tile_id"": ""tile_3"", ""steps"": 0, ""power_mw"": 0.0, ""energy_wh_delta"": 0.0, ""ts"": ""2026-08-08T02:40:46.805873""}",2026-08-08T02:40:46.826848
rssi,"{""node_id"": ""corridor_node_1"", ""rssi"": -57.1, ""ts"": ""2026-08-08T02:40:46.810206""}",2026-08-08T02:40:46.842468
energy,"{""tile_id"": ""tile_1"", ""steps"": 0, ""power_mw"": 0.0, ""energy_wh_delta"": 0.0, ""ts"": ""2026-08-08T02:40:51.812954""}",2026-08-08T02:40:51.812954
energy,"{""tile_id"": ""tile_2"", ""steps"": 0, ""power_mw"": 0.0, ""energy_wh_delta"": 0.0, ""ts"": ""2026-08-08T02:40:51.812954""}",2026-08-08T02:40:51.828402
energy,"{""tile_id"": ""tile_3"", ""steps"": 0, ""power_mw"": 0.0, ""energy_wh_delta"": 0.0, ""ts"": ""2026-08-08T02:40:51.812954""}",2026-08-08T02:40:51.844015
rssi,"{""node_id"": ""corridor_node_1"", ""rssi"": -56.4, ""ts"": ""2026-08-08T02:40:51.812954""}",2026-08-08T02:40:51.850525
energy,"{""tile_id"": ""tile_1"", ""steps"": 0, ""power_mw"": 0.0, ""energy_wh_delta"": 0.0, ""ts"": ""2026-08-08T02:40:56.820173""}",2026-08-08T02:40:56.827007
energy,"{""tile_id"": ""tile_2"", ""steps"": 0, ""power_mw"": 0.0, ""energy_wh_delta"": 0.0, ""ts"": ""2026-08-08T02:40:56.820173""}",2026-08-08T02:40:56.842640
energy,"{""tile_id"": ""tile_3"", ""steps"": 0, ""power_mw"": 0.0, ""energy_wh_delta"": 0.0, ""ts"": ""2026-08-08T02:40:56.820173""}",2026-08-08T02:40:56.842640
rssi,"{""node_id"": ""corridor_node_1"", ""rssi"": -56.5, ""ts"": ""2026-08-08T02:40:56.820173""}",2026-08-08T02:40:56.857653
energy,"{""tile_id"": ""tile_1"", ""steps"": 0, ""power_mw"": 0.0, ""energy_wh_delta"": 0.0, ""ts"": ""2026-08-08T02:41:01.846305""}",2026-08-08T02:41:01.876428
energy,"{""tile_id"": ""tile_2"", ""steps"": 1, ""power_mw"": 564.09, ""energy_wh_delta"": 0.00078, ""ts"": ""2026-08-08T02:41:01.847302""}",2026-08-08T02:41:01.896100
energy,"{""tile_id"": ""tile_3"", ""steps"": 0, ""power_mw"": 0.0, ""energy_wh_delta"": 0.0, ""ts"": ""2026-08-08T02:41:01.847302""}",2026-08-08T02:41:01.903423
rssi,"{""node_id"": ""corridor_node_1"", ""rssi"": -55.4, ""ts"": ""2026-08-08T02:41:01.847302""}",2026-08-08T02:41:01.911472
energy,"{""tile_id"": ""tile_1"", ""steps"": 1, ""power_mw"": 583.48, ""energy_wh_delta"": 0.00081, ""ts"": ""2026-08-08T02:41:06.856366""}",2026-08-08T02:41:06.861388
energy,"{""tile_id"": ""tile_2"", ""steps"": 1, ""power_mw"": 334.47, ""energy_wh_delta"": 0.00046, ""ts"": ""2026-08-08T02:41:06.856366""}",2026-08-08T02:41:06.861388
energy,"{""tile_id"": ""tile_3"", ""steps"": 0, ""power_mw"": 0.0, ""energy_wh_delta"": 0.0, ""ts"": ""2026-08-08T02:41:06.856366""}",2026-08-08T02:41:06.877010
rssi,"{""node_id"": ""corridor_node_1"", ""rssi"": -54.9, ""ts"": ""2026-08-08T02:41:06.857370""}",2026-08-08T02:41:06.877010
energy,"{""tile_id"": ""tile_1"", ""steps"": 0, ""power_mw"": 0.0, ""energy_wh_delta"": 0.0, ""ts"": ""2026-08-08T02:41:11.857513""}",2026-08-08T02:41:11.858081
energy,"{""tile_id"": ""tile_2"", ""steps"": 0, ""power_mw"": 0.0, ""energy_wh_delta"": 0.0, ""ts"": ""2026-08-08T02:41:11.858081""}",2026-08-08T02:41:11.871156
energy,"{""tile_id"": ""tile_3"", ""steps"": 0, ""power_mw"": 0.0, ""energy_wh_delta"": 0.0, ""ts"": ""2026-08-08T02:41:11.858081""}",2026-08-08T02:41:11.871156
rssi,"{""node_id"": ""corridor_node_1"", ""rssi"": -56.8, ""ts"": ""2026-08-08T02:41:11.858081""}",2026-08-08T02:41:11.891011
energy,"{""tile_id"": ""tile_1"", ""steps"": 0, ""power_mw"": 0.0, ""energy_wh_delta"": 0.0, ""ts"": ""2026-08-08T02:41:16.871368""}",2026-08-08T02:41:16.871368
energy,"{""tile_id"": ""tile_2"", ""steps"": 0, ""power_mw"": 0.0, ""energy_wh_delta"": 0.0, ""ts"": ""2026-08-08T02:41:16.871368""}",2026-08-08T02:41:16.871368
energy,"{""tile_id"": ""tile_3"", ""steps"": 0, ""power_mw"": 0.0, ""energy_wh_delta"": 0.0, ""ts"": ""2026-08-08T02:41:16.871368""}",2026-08-08T02:41:16.888523
rssi,"{""node_id"": ""corridor_node_1"", ""rssi"": -53.9, ""ts"": ""2026-08-08T02:41:16.871368""}",2026-08-08T02:41:16.888523
energy,"{""tile_id"": ""tile_1"", ""steps"": 1, ""power_mw"": 645.81, ""energy_wh_delta"": 0.0009, ""ts"": ""2026-08-08T02:41:21.903171""}",2026-08-08T02:41:21.904503
energy,"{""tile_id"": ""tile_2"", ""steps"": 0, ""power_mw"": 0.0, ""energy_wh_delta"": 0.0, ""ts"": ""2026-08-08T02:41:21.904503""}",2026-08-08T02:41:21.930995
energy,"{""tile_id"": ""tile_3"", ""steps"": 0, ""power_mw"": 0.0, ""energy_wh_delta"": 0.0, ""ts"": ""2026-08-08T02:41:21.904503""}",2026-08-08T02:41:21.942866
rssi,"{""node_id"": ""corridor_node_1"", ""rssi"": -54.3, ""ts"": ""2026-08-08T02:41:21.904503""}",2026-08-08T02:41:21.949847
energy,"{""tile_id"": ""tile_1"", ""steps"": 0, ""power_mw"": 0.0, ""energy_wh_delta"": 0.0, ""ts"": ""2026-08-08T02:41:26.908615""}",2026-08-08T02:41:26.912603
energy,"{""tile_id"": ""tile_2"", ""steps"": 0, ""power_mw"": 0.0, ""energy_wh_delta"": 0.0, ""ts"": ""2026-08-08T02:41:26.908615""}",2026-08-08T02:41:26.920582
energy,"{""tile_id"": ""tile_3"", ""steps"": 0, ""power_mw"": 0.0, ""energy_wh_delta"": 0.0, ""ts"": ""2026-08-08T02:41:26.909612""}",2026-08-08T02:41:26.930556
rssi,"{""node_id"": ""corridor_node_1"", ""rssi"": -49.5, ""ts"": ""2026-08-08T02:41:26.909612""}",2026-08-08T02:41:26.941530
energy,"{""tile_id"": ""tile_1"", ""steps"": 0, ""power_mw"": 0.0, ""energy_wh_delta"": 0.0, ""ts"": ""2026-08-08T02:41:31.921966""}",2026-08-08T02:41:31.921966
energy,"{""tile_id"": ""tile_2"", ""steps"": 1, ""power_mw"": 355.1, ""energy_wh_delta"": 0.00049, ""ts"": ""2026-08-08T02:41:31.921966""}",2026-08-08T02:41:31.942327
energy,"{""tile_id"": ""tile_3"", ""steps"": 0, ""power_mw"": 0.0, ""energy_wh_delta"": 0.0, ""ts"": ""2026-08-08T02:41:31.921966""}",2026-08-08T02:41:31.957036
rssi,"{""node_id"": ""corridor_node_1"", ""rssi"": -53.3, ""ts"": ""2026-08-08T02:41:31.921966""}",2026-08-08T02:41:31.957036
energy,"{""tile_id"": ""tile_1"", ""steps"": 0, ""power_mw"": 0.0, ""energy_wh_delta"": 0.0, ""ts"": ""2026-08-08T02:41:36.938771""}",2026-08-08T02:41:36.945698
energy,"{""tile_id"": ""tile_2"", ""steps"": 0, ""power_mw"": 0.0, ""energy_wh_delta"": 0.0, ""ts"": ""2026-08-08T02:41:36.939567""}",2026-08-08T02:41:36.956500
energy,"{""tile_id"": ""tile_3"", ""steps"": 0, ""power_mw"": 0.0, ""energy_wh_delta"": 0.0, ""ts"": ""2026-08-08T02:41:36.939667""}",2026-08-08T02:41:36.966522
rssi,"{""node_id"": ""corridor_node_1"", ""rssi"": -58.2, ""ts"": ""2026-08-08T02:41:36.939667""}",2026-08-08T02:41:36.974497
energy,"{""tile_id"": ""tile_1"", ""steps"": 0, ""power_mw"": 0.0, ""energy_wh_delta"": 0.0, ""ts"": ""2026-08-08T02:41:41.955067""}",2026-08-08T02:41:41.959770
energy,"{""tile_id"": ""tile_2"", ""steps"": 0, ""power_mw"": 0.0, ""energy_wh_delta"": 0.0, ""ts"": ""2026-08-08T02:41:41.955577""}",2026-08-08T02:41:41.959770
energy,"{""tile_id"": ""tile_3"", ""steps"": 0, ""power_mw"": 0.0, ""energy_wh_delta"": 0.0, ""ts"": ""2026-08-08T02:41:41.955577""}",2026-08-08T02:41:41.972185
rssi,"{""node_id"": ""corridor_node_1"", ""rssi"": -57.1, ""ts"": ""2026-08-08T02:41:41.955577""}",2026-08-08T02:41:41.972185
energy,"{""tile_id"": ""tile_1"", ""steps"": 2, ""power_mw"": 782.3, ""energy_wh_delta"": 0.00109, ""ts"": ""2026-08-08T02:41:46.971338""}",2026-08-08T02:41:46.971338
energy,"{""tile_id"": ""tile_2"", ""steps"": 1, ""power_mw"": 503.83, ""energy_wh_delta"": 0.0007, ""ts"": ""2026-08-08T02:41:46.971338""}",2026-08-08T02:41:46.986776
energy,"{""tile_id"": ""tile_3"", ""steps"": 0, ""power_mw"": 0.0, ""energy_wh_delta"": 0.0, ""ts"": ""2026-08-08T02:41:46.971338""}",2026-08-08T02:41:47.002397
rssi,"{""node_id"": ""corridor_node_1"", ""rssi"": -55.2, ""ts"": ""2026-08-08T02:41:46.971338""}",2026-08-08T02:41:47.002397
energy,"{""tile_id"": ""tile_1"", ""steps"": 0, ""power_mw"": 0.0, ""energy_wh_delta"": 0.0, ""ts"": ""2026-08-08T02:41:51.973782""}",2026-08-08T02:41:51.991441
energy,"{""tile_id"": ""tile_2"", ""steps"": 0, ""power_mw"": 0.0, ""energy_wh_delta"": 0.0, ""ts"": ""2026-08-08T02:41:51.973782""}",2026-08-08T02:41:52.000417
energy,"{""tile_id"": ""tile_3"", ""steps"": 1, ""power_mw"": 375.16, ""energy_wh_delta"": 0.00052, ""ts"": ""2026-08-08T02:41:51.975777""}",2026-08-08T02:41:52.009332
rssi,"{""node_id"": ""corridor_node_1"", ""rssi"": -55.6, ""ts"": ""2026-08-08T02:41:51.978285""}",2026-08-08T02:41:52.017762
energy,"{""tile_id"": ""tile_1"", ""steps"": 1, ""power_mw"": 294.86, ""energy_wh_delta"": 0.00041, ""ts"": ""2026-08-08T02:41:56.998163""}",2026-08-08T02:41:57.006198
energy,"{""tile_id"": ""tile_2"", ""steps"": 0, ""power_mw"": 0.0, ""energy_wh_delta"": 0.0, ""ts"": ""2026-08-08T02:41:56.999172""}",2026-08-08T02:41:57.024440
energy,"{""tile_id"": ""tile_3"", ""steps"": 0, ""power_mw"": 0.0, ""energy_wh_delta"": 0.0, ""ts"": ""2026-08-08T02:41:56.999172""}",2026-08-08T02:41:57.032246
rssi,"{""node_id"": ""corridor_node_1"", ""rssi"": -56.7, ""ts"": ""2026-08-08T02:41:56.999172""}",2026-08-08T02:41:57.039926
energy,"{""tile_id"": ""tile_1"", ""steps"": 0, ""power_mw"": 0.0, ""energy_wh_delta"": 0.0, ""ts"": ""2026-08-08T02:42:02.000351""}",2026-08-08T02:42:02.007335
energy,"{""tile_id"": ""tile_2"", ""steps"": 0, ""power_mw"": 0.0, ""energy_wh_delta"": 0.0, ""ts"": ""2026-08-08T02:42:02.001351""}",2026-08-08T02:42:02.018304
energy,"{""tile_id"": ""tile_3"", ""steps"": 0, ""power_mw"": 0.0, ""energy_wh_delta"": 0.0, ""ts"": ""2026-08-08T02:42:02.003346""}",2026-08-08T02:42:02.026284
rssi,"{""node_id"": ""corridor_node_1"", ""rssi"": -52.4, ""ts"": ""2026-08-08T02:42:02.003346""}",2026-08-08T02:42:02.037614
energy,"{""tile_id"": ""tile_1"", ""steps"": 0, ""power_mw"": 0.0, ""energy_wh_delta"": 0.0, ""ts"": ""2026-08-08T02:42:07.018820""}",2026-08-08T02:42:07.022816
energy,"{""tile_id"": ""tile_2"", ""steps"": 0, ""power_mw"": 0.0, ""energy_wh_delta"": 0.0, ""ts"": ""2026-08-08T02:42:07.018820""}",2026-08-08T02:42:07.031053
energy,"{""tile_id"": ""tile_3"", ""steps"": 0, ""power_mw"": 0.0, ""energy_wh_delta"": 0.0, ""ts"": ""2026-08-08T02:42:07.018820""}",2026-08-08T02:42:07.038033
rssi,"{""node_id"": ""corridor_node_1"", ""rssi"": -55.4, ""ts"": ""2026-08-08T02:42:07.019824""}",2026-08-08T02:42:07.047721
energy,"{""tile_id"": ""tile_1"", ""steps"": 1, ""power_mw"": 359.47, ""energy_wh_delta"": 0.0005, ""ts"": ""2026-08-08T02:42:12.020614""}",2026-08-08T02:42:12.025417
energy,"{""tile_id"": ""tile_2"", ""steps"": 0, ""power_mw"": 0.0, ""energy_wh_delta"": 0.0, ""ts"": ""2026-08-08T02:42:12.020614""}",2026-08-08T02:42:12.033395
energy,"{""tile_id"": ""tile_3"", ""steps"": 0, ""power_mw"": 0.0, ""energy_wh_delta"": 0.0, ""ts"": ""2026-08-08T02:42:12.020614""}",2026-08-08T02:42:12.041374
rssi,"{""node_id"": ""corridor_node_1"", ""rssi"": -55.3, ""ts"": ""2026-08-08T02:42:12.021432""}",2026-08-08T02:42:12.048601
energy,"{""tile_id"": ""tile_1"", ""steps"": 0, ""power_mw"": 0.0, ""energy_wh_delta"": 0.0, ""ts"": ""2026-08-08T02:42:17.024072""}",2026-08-08T02:42:17.029046
energy,"{""tile_id"": ""tile_2"", ""steps"": 0, ""power_mw"": 0.0, ""energy_wh_delta"": 0.0, ""ts"": ""2026-08-08T02:42:17.024072""}",2026-08-08T02:42:17.038021
energy,"{""tile_id"": ""tile_3"", ""steps"": 1, ""power_mw"": 437.81, ""energy_wh_delta"": 0.00061, ""ts"": ""2026-08-08T02:42:17.025057""}",2026-08-08T02:42:17.046998
rssi,"{""node_id"": ""corridor_node_1"", ""rssi"": -57.4, ""ts"": ""2026-08-08T02:42:17.025057""}",2026-08-08T02:42:17.054976
energy,"{""tile_id"": ""tile_1"", ""steps"": 0, ""power_mw"": 0.0, ""energy_wh_delta"": 0.0, ""ts"": ""2026-08-08T02:42:22.031034""}",2026-08-08T02:42:22.041001
energy,"{""tile_id"": ""tile_2"", ""steps"": 0, ""power_mw"": 0.0, ""energy_wh_delta"": 0.0, ""ts"": ""2026-08-08T02:42:22.032025""}",2026-08-08T02:42:22.053963
energy,"{""tile_id"": ""tile_3"", ""steps"": 0, ""power_mw"": 0.0, ""energy_wh_delta"": 0.0, ""ts"": ""2026-08-08T02:42:22.032025""}",2026-08-08T02:42:22.066737
rssi,"{""node_id"": ""corridor_node_1"", ""rssi"": -52.4, ""ts"": ""2026-08-08T02:42:22.033021""}",2026-08-08T02:42:22.077707
energy,"{""tile_id"": ""tile_1"", ""steps"": 2, ""power_mw"": 752.02, ""energy_wh_delta"": 0.00104, ""ts"": ""2026-08-08T02:42:27.035482""}",2026-08-08T02:42:27.040467
energy,"{""tile_id"": ""tile_2"", ""steps"": 0, ""power_mw"": 0.0, ""energy_wh_delta"": 0.0, ""ts"": ""2026-08-08T02:42:27.035482""}",2026-08-08T02:42:27.047454
energy,"{""tile_id"": ""tile_3"", ""steps"": 1, ""power_mw"": 451.63, ""energy_wh_delta"": 0.00063, ""ts"": ""2026-08-08T02:42:27.036478""}",2026-08-08T02:42:27.055427
rssi,"{""node_id"": ""corridor_node_1"", ""rssi"": -55.6, ""ts"": ""2026-08-08T02:42:27.036478""}",2026-08-08T02:42:27.062409
energy,"{""tile_id"": ""tile_1"", ""steps"": 0, ""power_mw"": 0.0, ""energy_wh_delta"": 0.0, ""ts"": ""2026-08-08T02:42:32.040012""}",2026-08-08T02:42:32.046982
energy,"{""tile_id"": ""tile_2"", ""steps"": 1, ""power_mw"": 306.05, ""energy_wh_delta"": 0.00043, ""ts"": ""2026-08-08T02:42:32.040012""}",2026-08-08T02:42:32.059828
energy,"{""tile_id"": ""tile_3"", ""steps"": 0, ""power_mw"": 0.0, ""energy_wh_delta"": 0.0, ""ts"": ""2026-08-08T02:42:32.041438""}",2026-08-08T02:42:32.068774
rssi,"{""node_id"": ""corridor_node_1"", ""rssi"": -53.7, ""ts"": ""2026-08-08T02:42:32.041438""}",2026-08-08T02:42:32.076738
energy,"{""tile_id"": ""tile_1"", ""steps"": 1, ""power_mw"": 577.08, ""energy_wh_delta"": 0.0008, ""ts"": ""2026-08-08T02:42:37.042768""}",2026-08-08T02:42:37.047201
energy,"{""tile_id"": ""tile_2"", ""steps"": 0, ""power_mw"": 0.0, ""energy_wh_delta"": 0.0, ""ts"": ""2026-08-08T02:42:37.042768""}",2026-08-08T02:42:37.053768
energy,"{""tile_id"": ""tile_3"", ""steps"": 0, ""power_mw"": 0.0, ""energy_wh_delta"": 0.0, ""ts"": ""2026-08-08T02:42:37.042768""}",2026-08-08T02:42:37.063451
rssi,"{""node_id"": ""corridor_node_1"", ""rssi"": -54.9, ""ts"": ""2026-08-08T02:42:37.042768""}",2026-08-08T02:42:37.063928
energy,"{""tile_id"": ""tile_1"", ""steps"": 0, ""power_mw"": 0.0, ""energy_wh_delta"": 0.0, ""ts"": ""2026-08-08T02:42:42.056660""}",2026-08-08T02:42:42.071279
energy,"{""tile_id"": ""tile_2"", ""steps"": 0, ""power_mw"": 0.0, ""energy_wh_delta"": 0.0, ""ts"": ""2026-08-08T02:42:42.057809""}",2026-08-08T02:42:42.078314
energy,"{""tile_id"": ""tile_3"", ""steps"": 0, ""power_mw"": 0.0, ""energy_wh_delta"": 0.0, ""ts"": ""2026-08-08T02:42:42.057809""}",2026-08-08T02:42:42.098853
rssi,"{""node_id"": ""corridor_node_1"", ""rssi"": -54.2, ""ts"": ""2026-08-08T02:42:42.057809""}",2026-08-08T02:42:42.109824
energy,"{""tile_id"": ""tile_1"", ""steps"": 1, ""power_mw"": 593.37, ""energy_wh_delta"": 0.00082, ""ts"": ""2026-08-08T02:42:47.074155""}",2026-08-08T02:42:47.074155
energy,"{""tile_id"": ""tile_2"", ""steps"": 0, ""power_mw"": 0.0, ""energy_wh_delta"": 0.0, ""ts"": ""2026-08-08T02:42:47.074155""}",2026-08-08T02:42:47.096870
energy,"{""tile_id"": ""tile_3"", ""steps"": 0, ""power_mw"": 0.0, ""energy_wh_delta"": 0.0, ""ts"": ""2026-08-08T02:42:47.074155""}",2026-08-08T02:42:47.097344
rssi,"{""node_id"": ""corridor_node_1"", ""rssi"": -56.3, ""ts"": ""2026-08-08T02:42:47.074155""}",2026-08-08T02:42:47.106954
energy,"{""tile_id"": ""tile_1"", ""steps"": 0, ""power_mw"": 0.0, ""energy_wh_delta"": 0.0, ""ts"": ""2026-08-08T02:42:52.076615""}",2026-08-08T02:42:52.081706
energy,"{""tile_id"": ""tile_2"", ""steps"": 0, ""power_mw"": 0.0, ""energy_wh_delta"": 0.0, ""ts"": ""2026-08-08T02:42:52.076615""}",2026-08-08T02:42:52.081706
energy,"{""tile_id"": ""tile_3"", ""steps"": 0, ""power_mw"": 0.0, ""energy_wh_delta"": 0.0, ""ts"": ""2026-08-08T02:42:52.076615""}",2026-08-08T02:42:52.097347
rssi,"{""node_id"": ""corridor_node_1"", ""rssi"": -55.9, ""ts"": ""2026-08-08T02:42:52.077625""}",2026-08-08T02:42:52.112970
energy,"{""tile_id"": ""tile_1"", ""steps"": 0, ""power_mw"": 0.0, ""energy_wh_delta"": 0.0, ""ts"": ""2026-08-08T02:42:57.091495""}",2026-08-08T02:42:57.097062
energy,"{""tile_id"": ""tile_2"", ""steps"": 0, ""power_mw"": 0.0, ""energy_wh_delta"": 0.0, ""ts"": ""2026-08-08T02:42:57.091495""}",2026-08-08T02:42:57.097062
energy,"{""tile_id"": ""tile_3"", ""steps"": 1, ""power_mw"": 509.87, ""energy_wh_delta"": 0.00071, ""ts"": ""2026-08-08T02:42:57.092353""}",2026-08-08T02:42:57.112720
rssi,"{""node_id"": ""corridor_node_1"", ""rssi"": -52.5, ""ts"": ""2026-08-08T02:42:57.092353""}",2026-08-08T02:42:57.116256
energy,"{""tile_id"": ""tile_1"", ""steps"": 0, ""power_mw"": 0.0, ""energy_wh_delta"": 0.0, ""ts"": ""2026-08-08T02:43:02.104167""}",2026-08-08T02:43:02.110650
energy,"{""tile_id"": ""tile_2"", ""steps"": 0, ""power_mw"": 0.0, ""energy_wh_delta"": 0.0, ""ts"": ""2026-08-08T02:43:02.104167""}",2026-08-08T02:43:02.110650
energy,"{""tile_id"": ""tile_3"", ""steps"": 0, ""power_mw"": 0.0, ""energy_wh_delta"": 0.0, ""ts"": ""2026-08-08T02:43:02.104167""}",2026-08-08T02:43:02.123960
rssi,"{""node_id"": ""corridor_node_1"", ""rssi"": -56.1, ""ts"": ""2026-08-08T02:43:02.104167""}",2026-08-08T02:43:02.123960
energy,"{""tile_id"": ""tile_1"", ""steps"": 0, ""power_mw"": 0.0, ""energy_wh_delta"": 0.0, ""ts"": ""2026-08-08T02:43:07.107425""}",2026-08-08T02:43:07.114018
energy,"{""tile_id"": ""tile_2"", ""steps"": 0, ""power_mw"": 0.0, ""energy_wh_delta"": 0.0, ""ts"": ""2026-08-08T02:43:07.107425""}",2026-08-08T02:43:07.124130
energy,"{""tile_id"": ""tile_3"", ""steps"": 0, ""power_mw"": 0.0, ""energy_wh_delta"": 0.0, ""ts"": ""2026-08-08T02:43:07.107425""}",2026-08-08T02:43:07.124130
rssi,"{""node_id"": ""corridor_node_1"", ""rssi"": -55.0, ""ts"": ""2026-08-08T02:43:07.107425""}",2026-08-08T02:43:07.140700
energy,"{""tile_id"": ""tile_1"", ""steps"": 0, ""power_mw"": 0.0, ""energy_wh_delta"": 0.0, ""ts"": ""2026-08-08T02:43:12.123941""}",2026-08-08T02:43:12.134757
energy,"{""tile_id"": ""tile_2"", ""steps"": 0, ""power_mw"": 0.0, ""energy_wh_delta"": 0.0, ""ts"": ""2026-08-08T02:43:12.123941""}",2026-08-08T02:43:12.134757
energy,"{""tile_id"": ""tile_3"", ""steps"": 0, ""power_mw"": 0.0, ""energy_wh_delta"": 0.0, ""ts"": ""2026-08-08T02:43:12.123941""}",2026-08-08T02:43:12.150385
rssi,"{""node_id"": ""corridor_node_1"", ""rssi"": -56.7, ""ts"": ""2026-08-08T02:43:12.123941""}",2026-08-08T02:43:12.156391
energy,"{""tile_id"": ""tile_1"", ""steps"": 0, ""power_mw"": 0.0, ""energy_wh_delta"": 0.0, ""ts"": ""2026-08-08T02:43:17.136071""}",2026-08-08T02:43:17.162021
energy,"{""tile_id"": ""tile_2"", ""steps"": 0, ""power_mw"": 0.0, ""energy_wh_delta"": 0.0, ""ts"": ""2026-08-08T02:43:17.136071""}",2026-08-08T02:43:17.171996
energy,"{""tile_id"": ""tile_3"", ""steps"": 0, ""power_mw"": 0.0, ""energy_wh_delta"": 0.0, ""ts"": ""2026-08-08T02:43:17.136071""}",2026-08-08T02:43:17.180681
rssi,"{""node_id"": ""corridor_node_1"", ""rssi"": -53.8, ""ts"": ""2026-08-08T02:43:17.136071""}",2026-08-08T02:43:17.187663
energy,"{""tile_id"": ""tile_1"", ""steps"": 1, ""power_mw"": 366.64, ""energy_wh_delta"": 0.00051, ""ts"": ""2026-08-08T02:43:22.136734""}",2026-08-08T02:43:22.140886
energy,"{""tile_id"": ""tile_2"", ""steps"": 1, ""power_mw"": 403.21, ""energy_wh_delta"": 0.00056, ""ts"": ""2026-08-08T02:43:22.136734""}",2026-08-08T02:43:22.140886
energy,"{""tile_id"": ""tile_3"", ""steps"": 1, ""power_mw"": 397.96, ""energy_wh_delta"": 0.00055, ""ts"": ""2026-08-08T02:43:22.136734""}",2026-08-08T02:43:22.156514
rssi,"{""node_id"": ""corridor_node_1"", ""rssi"": -55.4, ""ts"": ""2026-08-08T02:43:22.136734""}",2026-08-08T02:43:22.156514
energy,"{""tile_id"": ""tile_1"", ""steps"": 0, ""power_mw"": 0.0, ""energy_wh_delta"": 0.0, ""ts"": ""2026-08-08T02:43:27.146784""}",2026-08-08T02:43:27.153422
energy,"{""tile_id"": ""tile_2"", ""steps"": 0, ""power_mw"": 0.0, ""energy_wh_delta"": 0.0, ""ts"": ""2026-08-08T02:43:27.146784""}",2026-08-08T02:43:27.162396
energy,"{""tile_id"": ""tile_3"", ""steps"": 2, ""power_mw"": 861.21, ""energy_wh_delta"": 0.0012, ""ts"": ""2026-08-08T02:43:27.147739""}",2026-08-08T02:43:27.171373
rssi,"{""node_id"": ""corridor_node_1"", ""rssi"": -53.7, ""ts"": ""2026-08-08T02:43:27.147739""}",2026-08-08T02:43:27.179916
energy,"{""tile_id"": ""tile_1"", ""steps"": 1, ""power_mw"": 394.34, ""energy_wh_delta"": 0.00055, ""ts"": ""2026-08-08T02:43:32.150766""}",2026-08-08T02:43:32.155658
energy,"{""tile_id"": ""tile_2"", ""steps"": 0, ""power_mw"": 0.0, ""energy_wh_delta"": 0.0, ""ts"": ""2026-08-08T02:43:32.150766""}",2026-08-08T02:43:32.163794
energy,"{""tile_id"": ""tile_3"", ""steps"": 0, ""power_mw"": 0.0, ""energy_wh_delta"": 0.0, ""ts"": ""2026-08-08T02:43:32.150766""}",2026-08-08T02:43:32.171750
rssi,"{""node_id"": ""corridor_node_1"", ""rssi"": -55.9, ""ts"": ""2026-08-08T02:43:32.150766""}",2026-08-08T02:43:32.179791
energy,"{""tile_id"": ""tile_1"", ""steps"": 0, ""power_mw"": 0.0, ""energy_wh_delta"": 0.0, ""ts"": ""2026-08-08T02:43:37.157321""}",2026-08-08T02:43:37.167954
energy,"{""tile_id"": ""tile_2"", ""steps"": 0, ""power_mw"": 0.0, ""energy_wh_delta"": 0.0, ""ts"": ""2026-08-08T02:43:37.157321""}",2026-08-08T02:43:37.175023
energy,"{""tile_id"": ""tile_3"", ""steps"": 1, ""power_mw"": 608.96, ""energy_wh_delta"": 0.00085, ""ts"": ""2026-08-08T02:43:37.157321""}",2026-08-08T02:43:37.175023
rssi,"{""node_id"": ""corridor_node_1"", ""rssi"": -57.0, ""ts"": ""2026-08-08T02:43:37.158340""}",2026-08-08T02:43:37.191672
energy,"{""tile_id"": ""tile_1"", ""steps"": 0, ""power_mw"": 0.0, ""energy_wh_delta"": 0.0, ""ts"": ""2026-08-08T02:43:42.171456""}",2026-08-08T02:43:42.187683
energy,"{""tile_id"": ""tile_2"", ""steps"": 0, ""power_mw"": 0.0, ""energy_wh_delta"": 0.0, ""ts"": ""2026-08-08T02:43:42.171456""}",2026-08-08T02:43:42.205632
energy,"{""tile_id"": ""tile_3"", ""steps"": 0, ""power_mw"": 0.0, ""energy_wh_delta"": 0.0, ""ts"": ""2026-08-08T02:43:42.172463""}",2026-08-08T02:43:42.219600
rssi,"{""node_id"": ""corridor_node_1"", ""rssi"": -52.6, ""ts"": ""2026-08-08T02:43:42.172463""}",2026-08-08T02:43:42.228569
energy,"{""tile_id"": ""tile_1"", ""steps"": 1, ""power_mw"": 396.94, ""energy_wh_delta"": 0.00055, ""ts"": ""2026-08-08T02:43:47.180868""}",2026-08-08T02:43:47.188796
energy,"{""tile_id"": ""tile_2"", ""steps"": 0, ""power_mw"": 0.0, ""energy_wh_delta"": 0.0, ""ts"": ""2026-08-08T02:43:47.180868""}",2026-08-08T02:43:47.202759
energy,"{""tile_id"": ""tile_3"", ""steps"": 0, ""power_mw"": 0.0, ""energy_wh_delta"": 0.0, ""ts"": ""2026-08-08T02:43:47.181816""}",2026-08-08T02:43:47.211733
rssi,"{""node_id"": ""corridor_node_1"", ""rssi"": -53.3, ""ts"": ""2026-08-08T02:43:47.182812""}",2026-08-08T02:43:47.220710
energy,"{""tile_id"": ""tile_1"", ""steps"": 0, ""power_mw"": 0.0, ""energy_wh_delta"": 0.0, ""ts"": ""2026-08-08T02:43:52.199332""}",2026-08-08T02:43:52.215288
energy,"{""tile_id"": ""tile_2"", ""steps"": 2, ""power_mw"": 821.66, ""energy_wh_delta"": 0.00114, ""ts"": ""2026-08-08T02:43:52.199332""}",2026-08-08T02:43:52.222270
energy,"{""tile_id"": ""tile_3"", ""steps"": 0, ""power_mw"": 0.0, ""energy_wh_delta"": 0.0, ""ts"": ""2026-08-08T02:43:52.199332""}",2026-08-08T02:43:52.228254
rssi,"{""node_id"": ""corridor_node_1"", ""rssi"": -53.2, ""ts"": ""2026-08-08T02:43:52.199332""}",2026-08-08T02:43:52.235236
energy,"{""tile_id"": ""tile_1"", ""steps"": 0, ""power_mw"": 0.0, ""energy_wh_delta"": 0.0, ""ts"": ""2026-08-08T02:43:57.212952""}",2026-08-08T02:43:57.222220
energy,"{""tile_id"": ""tile_2"", ""steps"": 0, ""power_mw"": 0.0, ""energy_wh_delta"": 0.0, ""ts"": ""2026-08-08T02:43:57.213769""}",2026-08-08T02:43:57.236183
energy,"{""tile_id"": ""tile_3"", ""steps"": 1, ""power_mw"": 511.12, ""energy_wh_delta"": 0.00071, ""ts"": ""2026-08-08T02:43:57.213769""}",2026-08-08T02:43:57.251144
rssi,"{""node_id"": ""corridor_node_1"", ""rssi"": -56.8, ""ts"": ""2026-08-08T02:43:57.214763""}",2026-08-08T02:43:57.260118
energy,"{""tile_id"": ""tile_1"", ""steps"": 0, ""power_mw"": 0.0, ""energy_wh_delta"": 0.0, ""ts"": ""2026-08-08T02:44:02.229770""}",2026-08-08T02:44:02.233759
energy,"{""tile_id"": ""tile_2"", ""steps"": 0, ""power_mw"": 0.0, ""energy_wh_delta"": 0.0, ""ts"": ""2026-08-08T02:44:02.229770""}",2026-08-08T02:44:02.239779
energy,"{""tile_id"": ""tile_3"", ""steps"": 0, ""power_mw"": 0.0, ""energy_wh_delta"": 0.0, ""ts"": ""2026-08-08T02:44:02.230774""}",2026-08-08T02:44:02.239779
rssi,"{""node_id"": ""corridor_node_1"", ""rssi"": -56.7, ""ts"": ""2026-08-08T02:44:02.230774""}",2026-08-08T02:44:02.255401
energy,"{""tile_id"": ""tile_1"", ""steps"": 0, ""power_mw"": 0.0, ""energy_wh_delta"": 0.0, ""ts"": ""2026-08-08T02:44:07.237596""}",2026-08-08T02:44:07.243533
energy,"{""tile_id"": ""tile_2"", ""steps"": 0, ""power_mw"": 0.0, ""energy_wh_delta"": 0.0, ""ts"": ""2026-08-08T02:44:07.237596""}",2026-08-08T02:44:07.254502
energy,"{""tile_id"": ""tile_3"", ""steps"": 0, ""power_mw"": 0.0, ""energy_wh_delta"": 0.0, ""ts"": ""2026-08-08T02:44:07.237596""}",2026-08-08T02:44:07.265474
rssi,"{""node_id"": ""corridor_node_1"", ""rssi"": -54.0, ""ts"": ""2026-08-08T02:44:07.238547""}",2026-08-08T02:44:07.275445
energy,"{""tile_id"": ""tile_1"", ""steps"": 0, ""power_mw"": 0.0, ""energy_wh_delta"": 0.0, ""ts"": ""2026-08-08T02:44:12.238750""}",2026-08-08T02:44:12.246148
energy,"{""tile_id"": ""tile_2"", ""steps"": 1, ""power_mw"": 466.73, ""energy_wh_delta"": 0.00065, ""ts"": ""2026-08-08T02:44:12.238750""}",2026-08-08T02:44:12.261783
energy,"{""tile_id"": ""tile_3"", ""steps"": 1, ""power_mw"": 624.63, ""energy_wh_delta"": 0.00087, ""ts"": ""2026-08-08T02:44:12.238750""}",2026-08-08T02:44:12.277408
rssi,"{""node_id"": ""corridor_node_1"", ""rssi"": -54.3, ""ts"": ""2026-08-08T02:44:12.238750""}",2026-08-08T02:44:12.293024
energy,"{""tile_id"": ""tile_1"", ""steps"": 0, ""power_mw"": 0.0, ""energy_wh_delta"": 0.0, ""ts"": ""2026-08-08T02:44:17.250333""}",2026-08-08T02:44:17.250333
energy,"{""tile_id"": ""tile_2"", ""steps"": 0, ""power_mw"": 0.0, ""energy_wh_delta"": 0.0, ""ts"": ""2026-08-08T02:44:17.250333""}",2026-08-08T02:44:17.256840
energy,"{""tile_id"": ""tile_3"", ""steps"": 1, ""power_mw"": 647.86, ""energy_wh_delta"": 0.0009, ""ts"": ""2026-08-08T02:44:17.250333""}",2026-08-08T02:44:17.256840
rssi,"{""node_id"": ""corridor_node_1"", ""rssi"": -55.9, ""ts"": ""2026-08-08T02:44:17.250333""}",2026-08-08T02:44:17.272468
energy,"{""tile_id"": ""tile_1"", ""steps"": 0, ""power_mw"": 0.0, ""energy_wh_delta"": 0.0, ""ts"": ""2026-08-08T02:44:22.262016""}",2026-08-08T02:44:22.262016
energy,"{""tile_id"": ""tile_2"", ""steps"": 0, ""power_mw"": 0.0, ""energy_wh_delta"": 0.0, ""ts"": ""2026-08-08T02:44:22.262016""}",2026-08-08T02:44:22.268522
energy,"{""tile_id"": ""tile_3"", ""steps"": 0, ""power_mw"": 0.0, ""energy_wh_delta"": 0.0, ""ts"": ""2026-08-08T02:44:22.262016""}",2026-08-08T02:44:22.268522
rssi,"{""node_id"": ""corridor_node_1"", ""rssi"": -53.9, ""ts"": ""2026-08-08T02:44:22.262016""}",2026-08-08T02:44:22.284150
energy,"{""tile_id"": ""tile_1"", ""steps"": 0, ""power_mw"": 0.0, ""energy_wh_delta"": 0.0, ""ts"": ""2026-08-08T02:44:27.271632""}",2026-08-08T02:44:27.271632
energy,"{""tile_id"": ""tile_2"", ""steps"": 0, ""power_mw"": 0.0, ""energy_wh_delta"": 0.0, ""ts"": ""2026-08-08T02:44:27.271632""}",2026-08-08T02:44:27.287051
energy,"{""tile_id"": ""tile_3"", ""steps"": 1, ""power_mw"": 361.09, ""energy_wh_delta"": 0.0005, ""ts"": ""2026-08-08T02:44:27.271632""}",2026-08-08T02:44:27.302679
rssi,"{""node_id"": ""corridor_node_1"", ""rssi"": -51.9, ""ts"": ""2026-08-08T02:44:27.271632""}",2026-08-08T02:44:27.311692
energy,"{""tile_id"": ""tile_1"", ""steps"": 0, ""power_mw"": 0.0, ""energy_wh_delta"": 0.0, ""ts"": ""2026-08-08T02:44:32.282527""}",2026-08-08T02:44:32.282527
energy,"{""tile_id"": ""tile_2"", ""steps"": 1, ""power_mw"": 369.55, ""energy_wh_delta"": 0.00051, ""ts"": ""2026-08-08T02:44:32.282527""}",2026-08-08T02:44:32.282527
energy,"{""tile_id"": ""tile_3"", ""steps"": 1, ""power_mw"": 422.83, ""energy_wh_delta"": 0.00059, ""ts"": ""2026-08-08T02:44:32.282527""}",2026-08-08T02:44:32.298143
rssi,"{""node_id"": ""corridor_node_1"", ""rssi"": -52.3, ""ts"": ""2026-08-08T02:44:32.282527""}",2026-08-08T02:44:32.313767
energy,"{""tile_id"": ""tile_1"", ""steps"": 0, ""power_mw"": 0.0, ""energy_wh_delta"": 0.0, ""ts"": ""2026-08-08T02:44:37.290527""}",2026-08-08T02:44:37.290527
energy,"{""tile_id"": ""tile_2"", ""steps"": 0, ""power_mw"": 0.0, ""energy_wh_delta"": 0.0, ""ts"": ""2026-08-08T02:44:37.290527""}",2026-08-08T02:44:37.305921
energy,"{""tile_id"": ""tile_3"", ""steps"": 1, ""power_mw"": 397.73, ""energy_wh_delta"": 0.00055, ""ts"": ""2026-08-08T02:44:37.290527""}",2026-08-08T02:44:37.321550
rssi,"{""node_id"": ""corridor_node_1"", ""rssi"": -55.5, ""ts"": ""2026-08-08T02:44:37.290527""}",2026-08-08T02:44:37.328063
energy,"{""tile_id"": ""tile_1"", ""steps"": 0, ""power_mw"": 0.0, ""energy_wh_delta"": 0.0, ""ts"": ""2026-08-08T02:44:42.298299""}",2026-08-08T02:44:42.303002
energy,"{""tile_id"": ""tile_2"", ""steps"": 1, ""power_mw"": 512.73, ""energy_wh_delta"": 0.00071, ""ts"": ""2026-08-08T02:44:42.298299""}",2026-08-08T02:44:42.303002
energy,"{""tile_id"": ""tile_3"", ""steps"": 0, ""power_mw"": 0.0, ""energy_wh_delta"": 0.0, ""ts"": ""2026-08-08T02:44:42.298299""}",2026-08-08T02:44:42.318627
rssi,"{""node_id"": ""corridor_node_1"", ""rssi"": -50.1, ""ts"": ""2026-08-08T02:44:42.298299""}",2026-08-08T02:44:42.318627
energy,"{""tile_id"": ""tile_1"", ""steps"": 0, ""power_mw"": 0.0, ""energy_wh_delta"": 0.0, ""ts"": ""2026-08-08T02:44:47.299283""}",2026-08-08T02:44:47.314441
energy,"{""tile_id"": ""tile_2"", ""steps"": 0, ""power_mw"": 0.0, ""energy_wh_delta"": 0.0, ""ts"": ""2026-08-08T02:44:47.299283""}",2026-08-08T02:44:47.328406
energy,"{""tile_id"": ""tile_3"", ""steps"": 1, ""power_mw"": 609.47, ""energy_wh_delta"": 0.00085, ""ts"": ""2026-08-08T02:44:47.299283""}",2026-08-08T02:44:47.337458
rssi,"{""node_id"": ""corridor_node_1"", ""rssi"": -54.7, ""ts"": ""2026-08-08T02:44:47.300285""}",2026-08-08T02:44:47.346815
energy,"{""tile_id"": ""tile_1"", ""steps"": 0, ""power_mw"": 0.0, ""energy_wh_delta"": 0.0, ""ts"": ""2026-08-08T02:44:52.314074""}",2026-08-08T02:44:52.323004
energy,"{""tile_id"": ""tile_2"", ""steps"": 2, ""power_mw"": 1003.49, ""energy_wh_delta"": 0.00139, ""ts"": ""2026-08-08T02:44:52.314074""}",2026-08-08T02:44:52.338641
energy,"{""tile_id"": ""tile_3"", ""steps"": 0, ""power_mw"": 0.0, ""energy_wh_delta"": 0.0, ""ts"": ""2026-08-08T02:44:52.314074""}",2026-08-08T02:44:52.338641
rssi,"{""node_id"": ""corridor_node_1"", ""rssi"": -56.1, ""ts"": ""2026-08-08T02:44:52.314074""}",2026-08-08T02:44:52.351660
energy,"{""tile_id"": ""tile_1"", ""steps"": 0, ""power_mw"": 0.0, ""energy_wh_delta"": 0.0, ""ts"": ""2026-08-08T02:44:57.322760""}",2026-08-08T02:44:57.322760
energy,"{""tile_id"": ""tile_2"", ""steps"": 0, ""power_mw"": 0.0, ""energy_wh_delta"": 0.0, ""ts"": ""2026-08-08T02:44:57.322760""}",2026-08-08T02:44:57.338198
energy,"{""tile_id"": ""tile_3"", ""steps"": 2, ""power_mw"": 681.54, ""energy_wh_delta"": 0.00095, ""ts"": ""2026-08-08T02:44:57.322760""}",2026-08-08T02:44:57.357834
rssi,"{""node_id"": ""corridor_node_1"", ""rssi"": -54.3, ""ts"": ""2026-08-08T02:44:57.322760""}",2026-08-08T02:44:57.373470
energy,"{""tile_id"": ""tile_1"", ""steps"": 0, ""power_mw"": 0.0, ""energy_wh_delta"": 0.0, ""ts"": ""2026-08-08T02:45:02.328669""}",2026-08-08T02:45:02.336318
energy,"{""tile_id"": ""tile_2"", ""steps"": 0, ""power_mw"": 0.0, ""energy_wh_delta"": 0.0, ""ts"": ""2026-08-08T02:45:02.328669""}",2026-08-08T02:45:02.351950
energy,"{""tile_id"": ""tile_3"", ""steps"": 0, ""power_mw"": 0.0, ""energy_wh_delta"": 0.0, ""ts"": ""2026-08-08T02:45:02.328669""}",2026-08-08T02:45:02.365963
rssi,"{""node_id"": ""corridor_node_1"", ""rssi"": -55.9, ""ts"": ""2026-08-08T02:45:02.328669""}",2026-08-08T02:45:02.365963
energy,"{""tile_id"": ""tile_1"", ""steps"": 0, ""power_mw"": 0.0, ""energy_wh_delta"": 0.0, ""ts"": ""2026-08-08T02:45:07.343203""}",2026-08-08T02:45:07.350592
energy,"{""tile_id"": ""tile_2"", ""steps"": 0, ""power_mw"": 0.0, ""energy_wh_delta"": 0.0, ""ts"": ""2026-08-08T02:45:07.343203""}",2026-08-08T02:45:07.366227
energy,"{""tile_id"": ""tile_3"", ""steps"": 1, ""power_mw"": 641.89, ""energy_wh_delta"": 0.00089, ""ts"": ""2026-08-08T02:45:07.343203""}",2026-08-08T02:45:07.373244
rssi,"{""node_id"": ""corridor_node_1"", ""rssi"": -56.1, ""ts"": ""2026-08-08T02:45:07.343203""}",2026-08-08T02:45:07.373244
energy,"{""tile_id"": ""tile_1"", ""steps"": 1, ""power_mw"": 334.31, ""energy_wh_delta"": 0.00046, ""ts"": ""2026-08-08T02:45:12.346726""}",2026-08-08T02:45:12.357051
energy,"{""tile_id"": ""tile_2"", ""steps"": 0, ""power_mw"": 0.0, ""energy_wh_delta"": 0.0, ""ts"": ""2026-08-08T02:45:12.346726""}",2026-08-08T02:45:12.357051
energy,"{""tile_id"": ""tile_3"", ""steps"": 0, ""power_mw"": 0.0, ""energy_wh_delta"": 0.0, ""ts"": ""2026-08-08T02:45:12.346726""}",2026-08-08T02:45:12.372678
rssi,"{""node_id"": ""corridor_node_1"", ""rssi"": -54.9, ""ts"": ""2026-08-08T02:45:12.346726""}",2026-08-08T02:45:12.372678
energy,"{""tile_id"": ""tile_1"", ""steps"": 0, ""power_mw"": 0.0, ""energy_wh_delta"": 0.0, ""ts"": ""2026-08-08T02:45:17.354517""}",2026-08-08T02:45:17.363170
energy,"{""tile_id"": ""tile_2"", ""steps"": 0, ""power_mw"": 0.0, ""energy_wh_delta"": 0.0, ""ts"": ""2026-08-08T02:45:17.354517""}",2026-08-08T02:45:17.379759
energy,"{""tile_id"": ""tile_3"", ""steps"": 0, ""power_mw"": 0.0, ""energy_wh_delta"": 0.0, ""ts"": ""2026-08-08T02:45:17.354517""}",2026-08-08T02:45:17.379759
rssi,"{""node_id"": ""corridor_node_1"", ""rssi"": -54.0, ""ts"": ""2026-08-08T02:45:17.354517""}",2026-08-08T02:45:17.400169
energy,"{""tile_id"": ""tile_1"", ""steps"": 0, ""power_mw"": 0.0, ""energy_wh_delta"": 0.0, ""ts"": ""2026-08-08T02:45:22.368983""}",2026-08-08T02:45:22.368983
energy,"{""tile_id"": ""tile_2"", ""steps"": 1, ""power_mw"": 490.86, ""energy_wh_delta"": 0.00068, ""ts"": ""2026-08-08T02:45:22.368983""}",2026-08-08T02:45:22.384462
energy,"{""tile_id"": ""tile_3"", ""steps"": 0, ""power_mw"": 0.0, ""energy_wh_delta"": 0.0, ""ts"": ""2026-08-08T02:45:22.368983""}",2026-08-08T02:45:22.400084
rssi,"{""node_id"": ""corridor_node_1"", ""rssi"": -56.5, ""ts"": ""2026-08-08T02:45:22.368983""}",2026-08-08T02:45:22.415836
energy,"{""tile_id"": ""tile_1"", ""steps"": 0, ""power_mw"": 0.0, ""energy_wh_delta"": 0.0, ""ts"": ""2026-08-08T02:45:27.379222""}",2026-08-08T02:45:27.379222
energy,"{""tile_id"": ""tile_2"", ""steps"": 0, ""power_mw"": 0.0, ""energy_wh_delta"": 0.0, ""ts"": ""2026-08-08T02:45:27.379222""}",2026-08-08T02:45:27.379222
energy,"{""tile_id"": ""tile_3"", ""steps"": 0, ""power_mw"": 0.0, ""energy_wh_delta"": 0.0, ""ts"": ""2026-08-08T02:45:27.379222""}",2026-08-08T02:45:27.394842
rssi,"{""node_id"": ""corridor_node_1"", ""rssi"": -55.2, ""ts"": ""2026-08-08T02:45:27.379222""}",2026-08-08T02:45:27.394842
energy,"{""tile_id"": ""tile_1"", ""steps"": 0, ""power_mw"": 0.0, ""energy_wh_delta"": 0.0, ""ts"": ""2026-08-08T02:45:32.381858""}",2026-08-08T02:45:32.391402
energy,"{""tile_id"": ""tile_2"", ""steps"": 0, ""power_mw"": 0.0, ""energy_wh_delta"": 0.0, ""ts"": ""2026-08-08T02:45:32.382857""}",2026-08-08T02:45:32.413721
energy,"{""tile_id"": ""tile_3"", ""steps"": 0, ""power_mw"": 0.0, ""energy_wh_delta"": 0.0, ""ts"": ""2026-08-08T02:45:32.383856""}",2026-08-08T02:45:32.413721
rssi,"{""node_id"": ""corridor_node_1"", ""rssi"": -56.5, ""ts"": ""2026-08-08T02:45:32.383856""}",2026-08-08T02:45:32.429905
energy,"{""tile_id"": ""tile_1"", ""steps"": 0, ""power_mw"": 0.0, ""energy_wh_delta"": 0.0, ""ts"": ""2026-08-08T02:45:37.398987""}",2026-08-08T02:45:37.398987
energy,"{""tile_id"": ""tile_2"", ""steps"": 0, ""power_mw"": 0.0, ""energy_wh_delta"": 0.0, ""ts"": ""2026-08-08T02:45:37.398987""}",2026-08-08T02:45:37.398987
energy,"{""tile_id"": ""tile_3"", ""steps"": 0, ""power_mw"": 0.0, ""energy_wh_delta"": 0.0, ""ts"": ""2026-08-08T02:45:37.398987""}",2026-08-08T02:45:37.418393
rssi,"{""node_id"": ""corridor_node_1"", ""rssi"": -57.3, ""ts"": ""2026-08-08T02:45:37.398987""}",2026-08-08T02:45:37.430806
energy,"{""tile_id"": ""tile_1"", ""steps"": 0, ""power_mw"": 0.0, ""energy_wh_delta"": 0.0, ""ts"": ""2026-08-08T02:45:42.412185""}",2026-08-08T02:45:42.417174
energy,"{""tile_id"": ""tile_2"", ""steps"": 0, ""power_mw"": 0.0, ""energy_wh_delta"": 0.0, ""ts"": ""2026-08-08T02:45:42.412185""}",2026-08-08T02:45:42.418204
energy,"{""tile_id"": ""tile_3"", ""steps"": 0, ""power_mw"": 0.0, ""energy_wh_delta"": 0.0, ""ts"": ""2026-08-08T02:45:42.412185""}",2026-08-08T02:45:42.433074
rssi,"{""node_id"": ""corridor_node_1"", ""rssi"": -55.6, ""ts"": ""2026-08-08T02:45:42.413183""}",2026-08-08T02:45:42.433590
energy,"{""tile_id"": ""tile_1"", ""steps"": 0, ""power_mw"": 0.0, ""energy_wh_delta"": 0.0, ""ts"": ""2026-08-08T02:45:47.414444""}",2026-08-08T02:45:47.418903
energy,"{""tile_id"": ""tile_2"", ""steps"": 0, ""power_mw"": 0.0, ""energy_wh_delta"": 0.0, ""ts"": ""2026-08-08T02:45:47.414444""}",2026-08-08T02:45:47.430351
energy,"{""tile_id"": ""tile_3"", ""steps"": 1, ""power_mw"": 619.32, ""energy_wh_delta"": 0.00086, ""ts"": ""2026-08-08T02:45:47.414444""}",2026-08-08T02:45:47.430351
rssi,"{""node_id"": ""corridor_node_1"", ""rssi"": -54.4, ""ts"": ""2026-08-08T02:45:47.414444""}",2026-08-08T02:45:47.445764
energy,"{""tile_id"": ""tile_1"", ""steps"": 0, ""power_mw"": 0.0, ""energy_wh_delta"": 0.0, ""ts"": ""2026-08-08T02:45:52.414586""}",2026-08-08T02:45:52.414586
energy,"{""tile_id"": ""tile_2"", ""steps"": 0, ""power_mw"": 0.0, ""energy_wh_delta"": 0.0, ""ts"": ""2026-08-08T02:45:52.414586""}",2026-08-08T02:45:52.431411
energy,"{""tile_id"": ""tile_3"", ""steps"": 0, ""power_mw"": 0.0, ""energy_wh_delta"": 0.0, ""ts"": ""2026-08-08T02:45:52.414586""}",2026-08-08T02:45:52.446246
rssi,"{""node_id"": ""corridor_node_1"", ""rssi"": -55.6, ""ts"": ""2026-08-08T02:45:52.431411""}",2026-08-08T02:45:52.456753
energy,"{""tile_id"": ""tile_1"", ""steps"": 0, ""power_mw"": 0.0, ""energy_wh_delta"": 0.0, ""ts"": ""2026-08-08T02:45:57.445742""}",2026-08-08T02:45:57.449732
energy,"{""tile_id"": ""tile_2"", ""steps"": 0, ""power_mw"": 0.0, ""energy_wh_delta"": 0.0, ""ts"": ""2026-08-08T02:45:57.445742""}",2026-08-08T02:45:57.451761
energy,"{""tile_id"": ""tile_3"", ""steps"": 0, ""power_mw"": 0.0, ""energy_wh_delta"": 0.0, ""ts"": ""2026-08-08T02:45:57.445742""}",2026-08-08T02:45:57.466470
rssi,"{""node_id"": ""corridor_node_1"", ""rssi"": -55.3, ""ts"": ""2026-08-08T02:45:57.446740""}",2026-08-08T02:45:57.468499
energy,"{""tile_id"": ""tile_1"", ""steps"": 0, ""power_mw"": 0.0, ""energy_wh_delta"": 0.0, ""ts"": ""2026-08-08T02:46:02.459846""}",2026-08-08T02:46:02.464746
energy,"{""tile_id"": ""tile_2"", ""steps"": 0, ""power_mw"": 0.0, ""energy_wh_delta"": 0.0, ""ts"": ""2026-08-08T02:46:02.459846""}",2026-08-08T02:46:02.475718
energy,"{""tile_id"": ""tile_3"", ""steps"": 0, ""power_mw"": 0.0, ""energy_wh_delta"": 0.0, ""ts"": ""2026-08-08T02:46:02.459846""}",2026-08-08T02:46:02.483250
rssi,"{""node_id"": ""corridor_node_1"", ""rssi"": -56.5, ""ts"": ""2026-08-08T02:46:02.459846""}",2026-08-08T02:46:02.490231
energy,"{""tile_id"": ""tile_1"", ""steps"": 2, ""power_mw"": 1265.05, ""energy_wh_delta"": 0.00176, ""ts"": ""2026-08-08T02:46:07.463213""}",2026-08-08T02:46:07.464114
energy,"{""tile_id"": ""tile_2"", ""steps"": 1, ""power_mw"": 545.09, ""energy_wh_delta"": 0.00076, ""ts"": ""2026-08-08T02:46:07.464114""}",2026-08-08T02:46:07.479928
energy,"{""tile_id"": ""tile_3"", ""steps"": 0, ""power_mw"": 0.0, ""energy_wh_delta"": 0.0, ""ts"": ""2026-08-08T02:46:07.464114""}",2026-08-08T02:46:07.479928
rssi,"{""node_id"": ""corridor_node_1"", ""rssi"": -53.6, ""ts"": ""2026-08-08T02:46:07.464114""}",2026-08-08T02:46:07.496732
energy,"{""tile_id"": ""tile_1"", ""steps"": 0, ""power_mw"": 0.0, ""energy_wh_delta"": 0.0, ""ts"": ""2026-08-08T02:46:12.479261""}",2026-08-08T02:46:12.484246
energy,"{""tile_id"": ""tile_2"", ""steps"": 0, ""power_mw"": 0.0, ""energy_wh_delta"": 0.0, ""ts"": ""2026-08-08T02:46:12.480257""}",2026-08-08T02:46:12.487110
energy,"{""tile_id"": ""tile_3"", ""steps"": 0, ""power_mw"": 0.0, ""energy_wh_delta"": 0.0, ""ts"": ""2026-08-08T02:46:12.480257""}",2026-08-08T02:46:12.500424
rssi,"{""node_id"": ""corridor_node_1"", ""rssi"": -54.6, ""ts"": ""2026-08-08T02:46:12.480257""}",2026-08-08T02:46:12.503152
energy,"{""tile_id"": ""tile_1"", ""steps"": 0, ""power_mw"": 0.0, ""energy_wh_delta"": 0.0, ""ts"": ""2026-08-08T02:46:17.480868""}",2026-08-08T02:46:17.492865
energy,"{""tile_id"": ""tile_2"", ""steps"": 0, ""power_mw"": 0.0, ""energy_wh_delta"": 0.0, ""ts"": ""2026-08-08T02:46:17.480868""}",2026-08-08T02:46:17.500547
energy,"{""tile_id"": ""tile_3"", ""steps"": 2, ""power_mw"": 1072.67, ""energy_wh_delta"": 0.00149, ""ts"": ""2026-08-08T02:46:17.480868""}",2026-08-08T02:46:17.503322
rssi,"{""node_id"": ""corridor_node_1"", ""rssi"": -54.7, ""ts"": ""2026-08-08T02:46:17.480868""}",2026-08-08T02:46:17.517219
energy,"{""tile_id"": ""tile_1"", ""steps"": 0, ""power_mw"": 0.0, ""energy_wh_delta"": 0.0, ""ts"": ""2026-08-08T02:46:22.497485""}",2026-08-08T02:46:22.497485
energy,"{""tile_id"": ""tile_2"", ""steps"": 1, ""power_mw"": 364.37, ""energy_wh_delta"": 0.00051, ""ts"": ""2026-08-08T02:46:22.497485""}",2026-08-08T02:46:22.515399
energy,"{""tile_id"": ""tile_3"", ""steps"": 0, ""power_mw"": 0.0, ""energy_wh_delta"": 0.0, ""ts"": ""2026-08-08T02:46:22.497485""}",2026-08-08T02:46:22.518952
rssi,"{""node_id"": ""corridor_node_1"", ""rssi"": -54.1, ""ts"": ""2026-08-08T02:46:22.497485""}",2026-08-08T02:46:22.530949
energy,"{""tile_id"": ""tile_1"", ""steps"": 1, ""power_mw"": 587.34, ""energy_wh_delta"": 0.00082, ""ts"": ""2026-08-08T02:46:27.497663""}",2026-08-08T02:46:27.505828
energy,"{""tile_id"": ""tile_2"", ""steps"": 0, ""power_mw"": 0.0, ""energy_wh_delta"": 0.0, ""ts"": ""2026-08-08T02:46:27.497663""}",2026-08-08T02:46:27.514155
energy,"{""tile_id"": ""tile_3"", ""steps"": 0, ""power_mw"": 0.0, ""energy_wh_delta"": 0.0, ""ts"": ""2026-08-08T02:46:27.497663""}",2026-08-08T02:46:27.514155
rssi,"{""node_id"": ""corridor_node_1"", ""rssi"": -55.1, ""ts"": ""2026-08-08T02:46:27.497663""}",2026-08-08T02:46:27.530281
energy,"{""tile_id"": ""tile_1"", ""steps"": 0, ""power_mw"": 0.0, ""energy_wh_delta"": 0.0, ""ts"": ""2026-08-08T02:46:32.498368""}",2026-08-08T02:46:32.507295
energy,"{""tile_id"": ""tile_2"", ""steps"": 0, ""power_mw"": 0.0, ""energy_wh_delta"": 0.0, ""ts"": ""2026-08-08T02:46:32.498368""}",2026-08-08T02:46:32.515475
energy,"{""tile_id"": ""tile_3"", ""steps"": 0, ""power_mw"": 0.0, ""energy_wh_delta"": 0.0, ""ts"": ""2026-08-08T02:46:32.498368""}",2026-08-08T02:46:32.531727
rssi,"{""node_id"": ""corridor_node_1"", ""rssi"": -53.4, ""ts"": ""2026-08-08T02:46:32.498368""}",2026-08-08T02:46:32.531727
energy,"{""tile_id"": ""tile_1"", ""steps"": 0, ""power_mw"": 0.0, ""energy_wh_delta"": 0.0, ""ts"": ""2026-08-08T02:46:37.512984""}",2026-08-08T02:46:37.514053
energy,"{""tile_id"": ""tile_2"", ""steps"": 0, ""power_mw"": 0.0, ""energy_wh_delta"": 0.0, ""ts"": ""2026-08-08T02:46:37.512984""}",2026-08-08T02:46:37.514053
energy,"{""tile_id"": ""tile_3"", ""steps"": 0, ""power_mw"": 0.0, ""energy_wh_delta"": 0.0, ""ts"": ""2026-08-08T02:46:37.514053""}",2026-08-08T02:46:37.530519
rssi,"{""node_id"": ""corridor_node_1"", ""rssi"": -56.6, ""ts"": ""2026-08-08T02:46:37.514053""}",2026-08-08T02:46:37.530519
energy,"{""tile_id"": ""tile_1"", ""steps"": 1, ""power_mw"": 456.7, ""energy_wh_delta"": 0.00063, ""ts"": ""2026-08-08T02:46:42.529268""}",2026-08-08T02:46:42.536271
energy,"{""tile_id"": ""tile_2"", ""steps"": 0, ""power_mw"": 0.0, ""energy_wh_delta"": 0.0, ""ts"": ""2026-08-08T02:46:42.529268""}",2026-08-08T02:46:42.536271
energy,"{""tile_id"": ""tile_3"", ""steps"": 0, ""power_mw"": 0.0, ""energy_wh_delta"": 0.0, ""ts"": ""2026-08-08T02:46:42.529268""}",2026-08-08T02:46:42.551903
rssi,"{""node_id"": ""corridor_node_1"", ""rssi"": -60.5, ""ts"": ""2026-08-08T02:46:42.529268""}",2026-08-08T02:46:42.566414
energy,"{""tile_id"": ""tile_1"", ""steps"": 1, ""power_mw"": 434.76, ""energy_wh_delta"": 0.0006, ""ts"": ""2026-08-08T02:46:47.529827""}",2026-08-08T02:46:47.533816
energy,"{""tile_id"": ""tile_2"", ""steps"": 0, ""power_mw"": 0.0, ""energy_wh_delta"": 0.0, ""ts"": ""2026-08-08T02:46:47.529827""}",2026-08-08T02:46:47.538033
energy,"{""tile_id"": ""tile_3"", ""steps"": 0, ""power_mw"": 0.0, ""energy_wh_delta"": 0.0, ""ts"": ""2026-08-08T02:46:47.529827""}",2026-08-08T02:46:47.547435
rssi,"{""node_id"": ""corridor_node_1"", ""rssi"": -56.4, ""ts"": ""2026-08-08T02:46:47.533816""}",2026-08-08T02:46:47.555413
energy,"{""tile_id"": ""tile_1"", ""steps"": 0, ""power_mw"": 0.0, ""energy_wh_delta"": 0.0, ""ts"": ""2026-08-08T02:46:52.543436""}",2026-08-08T02:46:52.543436
energy,"{""tile_id"": ""tile_2"", ""steps"": 0, ""power_mw"": 0.0, ""energy_wh_delta"": 0.0, ""ts"": ""2026-08-08T02:46:52.543436""}",2026-08-08T02:46:52.558818
energy,"{""tile_id"": ""tile_3"", ""steps"": 2, ""power_mw"": 755.48, ""energy_wh_delta"": 0.00105, ""ts"": ""2026-08-08T02:46:52.543436""}",2026-08-08T02:46:52.574438
rssi,"{""node_id"": ""corridor_node_1"", ""rssi"": -55.5, ""ts"": ""2026-08-08T02:46:52.543436""}",2026-08-08T02:46:52.580953
energy,"{""tile_id"": ""tile_1"", ""steps"": 1, ""power_mw"": 330.05, ""energy_wh_delta"": 0.00046, ""ts"": ""2026-08-08T02:46:57.549290""}",2026-08-08T02:46:57.553051
energy,"{""tile_id"": ""tile_2"", ""steps"": 0, ""power_mw"": 0.0, ""energy_wh_delta"": 0.0, ""ts"": ""2026-08-08T02:46:57.549290""}",2026-08-08T02:46:57.553051
energy,"{""tile_id"": ""tile_3"", ""steps"": 0, ""power_mw"": 0.0, ""energy_wh_delta"": 0.0, ""ts"": ""2026-08-08T02:46:57.549290""}",2026-08-08T02:46:57.568677
rssi,"{""node_id"": ""corridor_node_1"", ""rssi"": -54.4, ""ts"": ""2026-08-08T02:46:57.552042""}",2026-08-08T02:46:57.568677
energy,"{""tile_id"": ""tile_1"", ""steps"": 1, ""power_mw"": 433.89, ""energy_wh_delta"": 0.0006, ""ts"": ""2026-08-08T02:47:02.560991""}",2026-08-08T02:47:02.571226
energy,"{""tile_id"": ""tile_2"", ""steps"": 0, ""power_mw"": 0.0, ""energy_wh_delta"": 0.0, ""ts"": ""2026-08-08T02:47:02.560991""}",2026-08-08T02:47:02.571226
energy,"{""tile_id"": ""tile_3"", ""steps"": 1, ""power_mw"": 620.41, ""energy_wh_delta"": 0.00086, ""ts"": ""2026-08-08T02:47:02.560991""}",2026-08-08T02:47:02.571226
rssi,"{""node_id"": ""corridor_node_1"", ""rssi"": -53.0, ""ts"": ""2026-08-08T02:47:02.560991""}",2026-08-08T02:47:02.586851
energy,"{""tile_id"": ""tile_1"", ""steps"": 1, ""power_mw"": 453.91, ""energy_wh_delta"": 0.00063, ""ts"": ""2026-08-08T02:47:07.564058""}",2026-08-08T02:47:07.568290
energy,"{""tile_id"": ""tile_2"", ""steps"": 0, ""power_mw"": 0.0, ""energy_wh_delta"": 0.0, ""ts"": ""2026-08-08T02:47:07.564412""}",2026-08-08T02:47:07.576559
energy,"{""tile_id"": ""tile_3"", ""steps"": 0, ""power_mw"": 0.0, ""energy_wh_delta"": 0.0, ""ts"": ""2026-08-08T02:47:07.564992""}",2026-08-08T02:47:07.584277
rssi,"{""node_id"": ""corridor_node_1"", ""rssi"": -56.6, ""ts"": ""2026-08-08T02:47:07.564992""}",2026-08-08T02:47:07.591699
energy,"{""tile_id"": ""tile_1"", ""steps"": 0, ""power_mw"": 0.0, ""energy_wh_delta"": 0.0, ""ts"": ""2026-08-08T02:47:12.568504""}",2026-08-08T02:47:12.568504
energy,"{""tile_id"": ""tile_2"", ""steps"": 0, ""power_mw"": 0.0, ""energy_wh_delta"": 0.0, ""ts"": ""2026-08-08T02:47:12.568504""}",2026-08-08T02:47:12.584116
energy,"{""tile_id"": ""tile_3"", ""steps"": 1, ""power_mw"": 332.72, ""energy_wh_delta"": 0.00046, ""ts"": ""2026-08-08T02:47:12.568504""}",2026-08-08T02:47:12.599737
rssi,"{""node_id"": ""corridor_node_1"", ""rssi"": -50.8, ""ts"": ""2026-08-08T02:47:12.568504""}",2026-08-08T02:47:12.607249
energy,"{""tile_id"": ""tile_1"", ""steps"": 0, ""power_mw"": 0.0, ""energy_wh_delta"": 0.0, ""ts"": ""2026-08-08T02:47:17.581383""}",2026-08-08T02:47:17.583402
energy,"{""tile_id"": ""tile_2"", ""steps"": 1, ""power_mw"": 438.5, ""energy_wh_delta"": 0.00061, ""ts"": ""2026-08-08T02:47:17.583402""}",2026-08-08T02:47:17.593443
energy,"{""tile_id"": ""tile_3"", ""steps"": 0, ""power_mw"": 0.0, ""energy_wh_delta"": 0.0, ""ts"": ""2026-08-08T02:47:17.583402""}",2026-08-08T02:47:17.601497
rssi,"{""node_id"": ""corridor_node_1"", ""rssi"": -52.4, ""ts"": ""2026-08-08T02:47:17.583402""}",2026-08-08T02:47:17.603516
